drug_name,effect_list
doxycycline,"['hives', 'difficult breathing', 'swelling in your face or throat', 'severe skin reaction', 'fever', 'sore throat', 'burning in your eyes', 'skin pain', 'red or purple skin rash', 'blistering', 'peeling', 'serious drug reaction', 'skin rash', 'swollen glands', 'flu-like symptoms', 'muscle aches', 'severe weakness', 'unusual bruising', 'yellowing of skin or eyes', 'severe stomach pain', 'watery or bloody diarrhea', 'throat irritation', 'trouble swallowing', 'chest pain', 'irregular heart rhythm', 'feeling short of breath', 'little or no urination', 'low white blood cell counts', 'fever', 'chills', 'body aches', 'pale skin', 'easy bruising', 'bleeding', 'severe headaches', 'ringing in ears', 'dizziness', 'nausea', 'vision problems', 'pain behind eyes', 'loss of appetite', 'upper stomach pain', 'tiredness', 'vomiting', 'fast heart rate', 'dark urine', 'jaundice', 'common side effects', 'nausea', 'vomiting', 'upset stomach', 'loss of appetite', 'mild diarrhea', 'skin rash', 'itching', 'darkened skin color', 'vaginal itching', 'discharge']"
isotretinoin,"['problems with vision or hearing', 'muscle or joint pain', 'bone pain', 'back pain', 'increased thirst', 'increased urination', 'hallucinations', 'symptoms of depression', 'unusual mood changes', 'crying spells', 'feelings of low self-worth', 'loss of interest in things once enjoyed', 'new sleep problems', 'thoughts about hurting yourself', 'signs of liver or pancreas problems', 'loss of appetite', 'upper stomach pain', 'nausea', 'vomiting', 'fast heart rate', 'dark urine', 'jaundice', 'severe stomach problems', 'severe stomach or chest pain', 'pain when swallowing', 'heartburn', 'diarrhea', 'rectal bleeding', 'bloody or tarry stools', 'increased pressure inside the skull', 'severe headaches', 'ringing in ears', 'dizziness', 'nausea', 'vision problems', 'pain behind eyes', 'common side effects', 'dryness of skin', 'lips', 'eyes', 'nose', 'nosebleeds', 'headache', 'back pain', 'joint pain', 'muscle problems', 'skin reactions', 'cold symptoms', 'stuffy nose', 'sneezing', 'sore throat']"
adapalene / benzoyl peroxide,"['hives', 'itching', 'difficult breathing', 'feeling light-headed', 'swelling of face', 'lips', 'tongue', 'throat', 'severe redness or swelling of treated skin', 'severe burning or stinging', 'severe dryness or other skin irritation', 'dry or scaly skin', 'skin redness', 'burning or stinging']"
drospirenone / ethinyl estradiol,"['hives', 'difficult breathing', 'swelling of face', 'lips', 'tongue', 'throat', 'signs of a stroke', 'sudden numbness or weakness', 'sudden severe headache', 'slurred speech', 'problems with vision or balance', 'signs of a blood clot', 'sudden vision loss', 'stabbing chest pain', 'feeling short of breath', 'coughing up blood', 'pain or warmth in one or both legs', 'heart attack symptoms', 'chest pain or pressure', 'pain spreading to jaw or shoulder', 'nausea', 'sweating', 'liver problems', 'loss of appetite', 'upper stomach pain', 'tiredness', 'dark urine', 'clay-colored stools', 'jaundice', 'increased blood pressure', 'severe headache', 'blurred vision', 'pounding in neck or ears', 'swelling in hands', 'ankles', 'or feet', 'change in pattern or severity of migraine headaches', 'symptoms of depression', 'sleep problems', 'weakness', 'tired feeling', 'mood changes', 'common side effects', 'nausea', 'vomiting', 'breast tenderness', 'headache', 'mood changes', 'feeling tired or irritable', 'weight gain', 'changes in menstrual periods', 'decreased sex drive']"
lisdexamfetamine,"['hives', 'difficult breathing', 'swelling of face', 'lips', 'tongue', 'throat', 'signs of heart problems', 'chest pain', 'trouble breathing', 'pounding heartbeats', 'fluttering in chest', 'feeling like might pass out', 'signs of psychosis', 'hallucinations', 'new behavior problems', 'aggression', 'hostility', 'paranoia', 'signs of circulation problems', 'numbness', 'pain', 'cold feeling', 'unexplained wounds', 'skin color changes', 'pale', 'red', 'blue appearance', 'fingers', 'toes', 'symptoms of serotonin syndrome', 'agitation', 'fever', 'sweating', 'shivering', 'fast heart rate', 'muscle stiffness', 'twitching', 'loss of coordination', 'nausea', 'vomiting', 'diarrhea', 'effect on growth in children', 'dry mouth', 'loss of appetite', 'weight loss', 'sleep problems', 'insomnia', 'fast heart rate', 'feeling jittery', 'dizziness', 'feeling anxious', 'irritable', 'nausea', 'vomiting', 'stomach pain', 'diarrhea', 'constipation']"
methylphenidate,"['hives', 'difficulty breathing', 'swelling of face', 'lips', 'tongue', 'throat', 'signs of heart problems', 'chest pain', 'trouble breathing', 'feeling like might pass out', 'signs of psychosis', 'hallucinations', 'new behavior problems', 'aggression', 'hostility', 'paranoia', 'signs of circulation problems', 'numbness', 'pain', 'cold feeling', 'unexplained wounds', 'skin color changes', 'pale', 'red', 'blue appearance', 'fingers', 'toes', 'painful or prolonged penis erection', 'symptoms of serotonin syndrome', 'agitation', 'fever', 'sweating', 'shivering', 'fast heart rate', 'muscle stiffness', 'twitching', 'loss of coordination', 'nausea', 'vomiting', 'diarrhea', 'effect on growth in children', 'sweating', 'increased blood pressure', 'mood changes', 'anxiety', 'feeling nervous', 'irritable', 'trouble sleeping', 'fast heart rate', 'pounding heartbeats', 'fluttering in chest', 'loss of appetite', 'weight loss', 'dry mouth', 'nausea', 'vomiting', 'stomach pain', 'indigestion', 'headache', 'dizziness']"
amphetamine / dextroamphetamine,"['hives', 'difficult breathing', 'swelling of face', 'lips', 'tongue', 'throat', 'signs of heart problems', 'chest pain', 'trouble breathing', 'feeling like might pass out', 'signs of psychosis', 'hallucinations', 'new behavior problems', 'aggression', 'hostility', 'paranoia', 'signs of circulation problems', 'numbness', 'pain', 'cold feeling', 'unexplained wounds', 'skin color changes', 'pale', 'red', 'blue appearance', 'fingers', 'toes', 'seizure', 'muscle twitches', 'changes in vision', 'symptoms of serotonin syndrome', 'agitation', 'fever', 'sweating', 'shivering', 'fast heart rate', 'muscle stiffness', 'twitching', 'loss of coordination', 'nausea', 'vomiting', 'diarrhea', 'effect on growth in children', 'stomach pain', 'nausea', 'loss of appetite', 'weight loss', 'mood changes', 'feeling nervous', 'irritable', 'fast heart rate', 'headache', 'dizziness', 'sleep problems', 'insomnia', 'dry mouth']"
bupropion,"['hives', 'itching', 'fever', 'swollen glands', 'difficult breathing', 'swelling in face or throat', 'severe skin reaction', 'sore throat', 'burning eyes', 'skin pain', 'red or purple skin rash', 'blistering', 'peeling', 'mood or behavior changes', 'anxiety', 'depression', 'panic attacks', 'trouble sleeping', 'feeling impulsive', 'irritable', 'agitated', 'hostile', 'aggressive', 'restless', 'hyperactive', 'thoughts about suicide or hurting yourself', 'seizure', 'confusion', 'unusual changes in mood or behavior', 'blurred vision', 'tunnel vision', 'eye pain', 'swelling', 'halos around lights', 'fast or irregular heartbeats', 'manic episode', 'racing thoughts', 'increased energy', 'reckless behavior', 'extreme happiness', 'dry mouth', 'sore throat', 'stuffy nose', 'ringing in ears', 'nausea', 'vomiting', 'stomach pain', 'loss of appetite', 'constipation', 'insomnia', 'tremors', 'sweating', 'feeling anxious or nervous', 'fast heartbeats', 'confusion', 'agitation', 'hostility', 'rash', 'weight loss', 'increased urination', 'headache', 'dizziness', 'muscle or joint pain']"
atomoxetine,"['hives', 'difficult breathing', 'swelling of face', 'lips', 'tongue', 'throat', 'anxiety', 'panic attacks', 'trouble sleeping', 'feeling impulsive', 'irritable', 'agitated', 'hostile', 'aggressive', 'restless', 'hyperactive', 'depressed', 'thoughts about suicide or hurting yourself', 'effect on growth in children', 'signs of heart problems', 'chest pain', 'trouble breathing', 'feeling like might pass out', 'signs of psychosis', 'hallucinations', 'new behavior problems', 'aggression', 'hostility', 'paranoia', 'liver problems', 'stomach pain', 'itching', 'flu-like symptoms', 'dark urine', 'jaundice', 'painful or difficult urination', 'painful or prolonged erection', 'common side effects', 'nausea', 'vomiting', 'upset stomach', 'constipation', 'dry mouth', 'loss of appetite', 'mood changes', 'feeling tired', 'dizziness', 'urination problems', 'impotence', 'trouble having an erection']"
hydroxyzine,"['hives', 'difficult breathing', 'swelling of face', 'lips', 'tongue', 'throat', 'severe skin reaction', 'sudden skin redness', 'rash', 'white or yellow pustules', 'blistering', 'peeling', 'fast or pounding heartbeats', 'headache with chest pain', 'severe dizziness', 'fainting', 'seizure', 'convulsions', 'side effects', 'drowsiness', 'confusion', 'older adults', 'common side effects', 'headache', 'dry mouth', 'skin rash']"
metoprolol,"['hives', 'difficulty breathing', 'swelling of face', 'lips', 'tongue', 'throat', 'serious side effects', 'very slow heartbeats', 'light-headed feeling', 'passing out', 'shortness of breath', 'swelling', 'rapid weight gain', 'cold feeling in hands and feet', 'common side effects', 'dizziness', 'tired feeling', 'depression', 'confusion', 'memory problems', 'nightmares', 'trouble sleeping', 'diarrhea', 'mild itching', 'rash']"
amlodipine,"['hives', 'difficulty breathing', 'swelling of face', 'lips', 'tongue', 'throat', 'rare cases', 'worsening angina', 'heart attack', 'emergency medical attention', 'symptoms such as chest pain', 'pressure', 'pain spreading to jaw or shoulder', 'nausea', 'sweating', 'serious side effects', 'pounding heartbeats', 'fluttering in chest', 'worsening chest pain', 'swelling in feet or ankles', 'severe drowsiness', 'light-headed feeling', 'passing out', 'common side effects', 'dizziness', 'drowsiness', 'feeling tired', 'stomach pain', 'nausea', 'flushing']"
alprazolam,"['hives', 'difficult breathing', 'swelling of face', 'lips', 'tongue', 'throat', 'alprazolam', 'slowing or stopping breathing', 'opioid medication', 'alcohol', 'emergency medical attention', 'slow breathing', 'long pauses', 'blue colored lips', 'hard to wake up', 'weak or shallow breathing', 'light-headed feeling', 'passing out', 'seizure', 'hallucinations', 'risk-taking behavior', 'increased energy', 'decreased need for sleep', 'racing thoughts', 'being agitated or talkative', 'double vision', 'jaundice', 'drowsiness', 'dizziness', 'older adults', 'caution to avoid falling or accidental injury', 'common side effects', 'drowsiness', 'feeling light-headed', 'withdrawal symptoms', 'unusual muscle movements', 'being more active or talkative', 'sudden and severe changes in mood or behavior', 'confusion', 'hallucinations', 'seizures', 'suicidal thoughts or actions', 'ongoing anxiety', 'depression', 'problems with memory or thinking', 'trouble sleeping', 'ringing in ears', 'burning or prickly feeling', 'crawling sensation under skin']"
buspirone,"['hives', 'difficult breathing', 'swelling of face', 'lips', 'tongue', 'throat', 'chest pain', 'shortness of breath', 'light-headed feeling', 'passing out', 'common side effects', 'headache', 'dizziness', 'drowsiness', 'sleep problems', 'insomnia', 'nausea', 'upset stomach', 'feeling nervous', 'excited']"
escitalopram,"['skin rash', 'hives', 'difficulty breathing', 'swelling of face', 'lips', 'tongue', 'throat', 'mood or behavior changes', 'anxiety', 'panic attacks', 'trouble sleeping', 'feeling impulsive', 'irritable', 'agitated', 'hostile', 'aggressive', 'restless', 'hyperactive', 'depressed', 'thoughts about suicide or hurting yourself', 'blurred vision', 'tunnel vision', 'eye pain', 'swelling', 'halos around lights', 'racing thoughts', 'unusual risk-taking behavior', 'extreme happiness or sadness', 'pain or burning when urinating', 'slow growth or weight gain in children', 'low sodium levels in the body', 'headache', 'confusion', 'slurred speech', 'severe weakness', 'vomiting', 'loss of coordination', 'feeling unsteady', 'severe nervous system reaction', 'very stiff muscles', 'high fever', 'sweating', 'confusion', 'fast or uneven heartbeats', 'tremors', 'feeling like might pass out', 'symptoms of serotonin syndrome', 'agitation', 'hallucinations', 'fever', 'sweating', 'shivering', 'fast heart rate', 'muscle stiffness', 'twitching', 'loss of coordination', 'nausea', 'vomiting', 'diarrhea', 'common side effects', 'painful urination', 'dizziness', 'drowsiness', 'tiredness', 'weakness', 'feeling anxious', 'increased muscle movements', 'feeling shaky', 'sleep problems', 'sweating', 'dry mouth', 'increased thirst', 'loss of appetite', 'constipation', 'yawning', 'nosebleed', 'heavy menstrual periods', 'decreased sex drive', 'impotence', 'difficulty having an orgasm']"
trazodone,"['hives', 'difficulty breathing', 'swelling of face', 'lips', 'tongue', 'throat', 'painful or prolonged penis erection', 'medical emergency', 'surgery', 'mood or behavior changes', 'anxiety', 'panic attacks', 'trouble sleeping', 'feeling impulsive', 'irritable', 'agitated', 'hostile', 'aggressive', 'restless', 'hyperactive', 'depressed', 'thoughts about suicide or hurting yourself', 'fast or pounding heartbeats', 'fluttering in chest', 'shortness of breath', 'sudden dizziness', 'passing out', 'slow heartbeats', 'unusual thoughts or behavior', 'easy bruising', 'unusual bleeding', 'low sodium levels in body', 'headache', 'confusion', 'slurred speech', 'severe weakness', 'vomiting', 'loss of coordination', 'feeling unsteady', 'symptoms of serotonin syndrome', 'agitation', 'hallucinations', 'fever', 'sweating', 'shivering', 'fast heart rate', 'muscle stiffness', 'twitching', 'loss of coordination', 'nausea', 'vomiting', 'diarrhea', 'common side effects', 'drowsiness', 'dizziness', 'tiredness', 'swelling', 'weight loss', 'blurred vision', 'diarrhea', 'constipation', 'stuffy nose']"
venlafaxine,"['skin rash', 'hives', 'difficulty breathing', 'swelling of face', 'lips', 'tongue', 'throat', 'mood or behavior changes', 'anxiety', 'panic attacks', 'trouble sleeping', 'feeling impulsive', 'irritable', 'agitated', 'hostile', 'aggressive', 'restless', 'hyperactive', 'depressed', 'thoughts about suicide or hurting yourself', 'serious side effects', 'blurred vision', 'eye pain', 'redness', 'seeing halos around lights', 'cough', 'chest tightness', 'trouble breathing', 'seizure', 'convulsions', 'unusual bleeding', 'nosebleeds', 'bleeding gums', 'abnormal vaginal bleeding', 'low blood sodium', 'headache', 'confusion', 'problems with thinking or memory', 'weakness', 'feeling unsteady', 'severe nervous system reaction', 'very stiff muscles', 'high fever', 'sweating', 'confusion', 'fast or uneven heartbeats', 'tremors', 'feeling like might pass out', 'symptoms of serotonin syndrome', 'agitation', 'hallucinations', 'fever', 'sweating', 'shivering', 'fast heart rate', 'muscle stiffness', 'twitching', 'loss of coordination', 'nausea', 'vomiting', 'diarrhea', 'common side effects', 'headache', 'dizziness', 'drowsiness', 'tiredness', 'feeling anxious', 'nervous', 'jittery', 'sleep problems', 'unusual dreams', 'tremors', 'fast heartbeats', 'blurred vision', 'nausea', 'vomiting', 'diarrhea', 'constipation', 'changes in weight or appetite', 'dry mouth', 'yawning', 'increased sweating', 'sexual problems']"
lamotrigine,"['Mood or behavior changes', 'depression', 'anxiety', 'agitation', 'hostility', 'restlessness', 'hyperactivity (mentally or physically)', 'thoughts about suicide or hurting yourself', 'serious side effects', 'fast', 'slow', 'or pounding heartbeats', 'fluttering in chest', 'chest pain', 'shortness of breath', 'fever', 'swollen glands', 'weakness', 'severe muscle pain', 'skin rash', 'blistering', 'peeling', 'painful sores in mouth or around eyes', 'headache', 'neck stiffness', 'increased sensitivity to light', 'nausea', 'vomiting', 'confusion', 'drowsiness', 'jaundice', 'pale skin', 'cold hands and feet', 'easy bruising', 'unusual bleeding', 'common side effects', 'headache', 'dizziness', 'blurred vision', 'double vision', 'tremor', 'loss of coordination', 'dry mouth', 'nausea', 'vomiting', 'stomach pain', 'diarrhea', 'fever', 'sore throat', 'runny nose', 'drowsiness', 'tired feeling', 'back pain', 'sleep problems', 'insomnia']"
tramadol,"['Noisy breathing', 'sighing', 'shallow breathing', 'breathing that stops during sleep', 'slow heart rate', 'weak pulse', 'light-headed feeling', 'passing out', 'seizure', 'convulsions', 'low cortisol levels', 'nausea', 'vomiting', 'loss of appetite', 'dizziness', 'worsening tiredness', 'weakness', 'symptoms of serotonin syndrome', 'agitation', 'hallucinations', 'fever', 'sweating', 'shivering', 'fast heart rate', 'muscle stiffness', 'twitching', 'loss of coordination', 'nausea', 'vomiting', 'diarrhea', 'serious breathing problems', 'older adults', 'debilitated individuals', 'wasting syndrome', 'chronic breathing disorders', 'common side effects', 'constipation', 'nausea', 'vomiting', 'stomach pain', 'dizziness', 'drowsiness', 'tiredness', 'headache', 'itching']"
lurasidone,"['hives', 'difficulty breathing', 'swelling of face', 'lips', 'tongue', 'throat', 'mood or behavior changes', 'anxiety', 'panic attacks', 'trouble sleeping', 'feeling impulsive', 'irritable', 'agitated', 'hostile', 'aggressive', 'restless', 'hyperactive', 'depressed', 'thoughts about suicide or hurting yourself', 'serious movement disorder', 'irreversible', 'high doses', 'long-term use', 'especially in women or older adults', 'serious side effects', 'new or unusual muscle movements', 'light-headed feeling', 'passing out', 'seizure', 'irregular menstrual periods', 'breast or vaginal changes', 'nipple discharge (in women)', 'breast swelling', 'impotence (in men)', 'trouble swallowing', 'manic episodes', 'racing thoughts', 'increased energy', 'decreased need for sleep', 'risk-taking behavior', 'agitation', 'low white blood cell counts', 'fever', 'chills', 'mouth sores', 'skin sores', 'sore throat', 'cough', 'trouble breathing', 'high blood sugar', 'increased thirst', 'increased urination', 'hunger', 'dry mouth', 'fruity breath odor', 'severe nervous system reaction', 'very stiff muscles', 'high fever', 'sweating', 'confusion', 'fast or uneven heartbeats', 'tremors', 'common side effects', 'drowsiness', 'weight gain', 'tremors', 'muscle stiffness', 'slow muscle movement', 'feeling restless', 'unable to sit still', 'nausea', 'vomiting', 'runny nose', 'sleep problems', 'insomnia']"
quetiapine,"['high fever', 'excessive sweating', 'rigid muscles', 'confusion', 'changes in your breathing', 'heartbeat', 'and blood pressure', 'falls', 'high blood sugar (hyperglycemia)', 'build-up of acid in your blood due to ketones (ketoacidosis)', 'coma', 'death', 'feel very thirsty', 'need to urinate more than usual', 'feel very hungry', 'feel weak or tired', 'feel sick to your stomach', 'feel confused', 'your breath smells fruity', 'high fat levels in your blood (increased cholesterol and triglycerides)', 'increase in weight (weight gain)', 'movements you cannot control in your face', 'tongue', 'or other body parts (tardive dyskinesia)', 'decreased blood pressure (orthostatic hypotension)', 'lightheadedness', 'fainting', 'increases in blood pressure in children and teenagers', 'low white blood cell count', 'fever', 'flu-like symptoms', 'any other infection', 'cataracts', 'seizures', 'abnormal thyroid tests', 'increases in prolactin levels', 'sleepiness', 'drowsiness', 'feeling tired', 'difficulty thinking', 'doing normal activities', 'increased body temperature', 'difficulty swallowing', 'trouble sleeping', 'trouble staying asleep (insomnia)', 'nausea', 'vomiting', 'sudden drop in blood pressure upon standing', 'sluggishness', 'abnormal liver tests', 'upset stomach', 'dry mouth', 'dizziness', 'weakness', 'abdominal pain', 'constipation', 'sore throat', 'fatigue', 'increased appetite', 'rapid heartbeat', 'dry mouth', 'constipation', 'increased appetite', 'upset stomach', 'fatigue', 'stuffy nose', 'difficulty moving', 'disturbance in speech or language', 'tachycardia', 'weight increased']"
sertraline,"['skin rash', 'hives', 'difficulty breathing', 'swelling of your face', 'lips', 'tongue', 'or throat', 'mood changes', 'anxiety', 'panic attacks', 'trouble sleeping', 'feeling impulsive', 'irritable', 'agitated', 'hostile', 'aggressive', 'restless', 'hyperactive (mentally or physically)', 'feeling depressed', 'thoughts about suicide or hurting yourself', 'unusual bleeding or bruising', 'seizure', 'vision changes', 'eye pain', 'redness', 'swelling', 'low blood sodium', 'headache', 'confusion', 'problems with thinking or memory', 'weakness', 'feeling unsteady', 'manic episodes', 'racing thoughts', 'increased energy', 'unusual risk-taking behavior', 'extreme happiness', 'being talkative', 'symptoms of serotonin syndrome', 'agitation', 'hallucinations', 'fever', 'sweating', 'shivering', 'fast heart rate', 'muscle stiffness', 'twitching', 'loss of coordination', 'nausea', 'vomiting', 'diarrhea', 'effect on growth in children', 'indigestion', 'nausea', 'diarrhea', 'loss of appetite', 'loose stool', 'increased sweating', 'tremors', 'sexual problems']"
vortioxetine,"['hives', 'difficult breathing', 'swelling of your face', 'lips', 'tongue', 'or throat', 'mood changes', 'anxiety', 'panic attacks', 'trouble sleeping', 'feeling impulsive', 'irritable', 'agitated', 'hostile', 'aggressive', 'restless', 'hyperactive (mentally or physically)', 'feeling more depressed', 'thoughts about suicide or hurting yourself', 'racing thoughts', 'decreased need for sleep', 'unusual risk-taking behavior', 'extreme happiness or sadness', 'being more talkative than usual', 'vision changes', 'eye pain', 'eye redness', 'eye swelling', 'easy bruising', 'unusual bleeding', 'coughing up blood', 'low sodium level (may be more likely in older adults)', 'confusion', 'memory problems', 'hallucinations', 'slurred speech', 'severe weakness', 'feeling unsteady', 'symptoms of serotonin syndrome', 'agitation', 'hallucinations', 'fever', 'sweating', 'shivering', 'fast heart rate', 'muscle stiffness', 'twitching', 'loss of coordination', 'nausea', 'vomiting', 'diarrhea', 'common side effects', 'nausea', 'constipation', 'vomiting']"
dulaglutide,"['hives', 'difficult breathing', 'feeling light-headed', 'swelling of your face', 'lips', 'tongue', 'throat', 'pancreatitis--severe pain in upper stomach spreading to back', 'nausea', 'vomiting', 'signs of a thyroid tumor--swelling or lump in neck', 'trouble swallowing', 'hoarse voice', 'shortness of breath', 'low blood sugar--headache', 'hunger', 'weakness', 'sweating', 'confusion', 'irritability', 'dizziness', 'fast heart rate', 'feeling jittery', 'kidney problems--little or no urination', 'swelling in feet or ankles', 'feeling tired', 'shortness of breath', 'vomiting', 'diarrhea', 'sweating', 'dehydration', 'kidney failure', 'common side effects', 'nausea', 'vomiting', 'stomach pain', 'diarrhea', 'loss of appetite']"
semaglutide,"['hives', 'itching', 'dizziness', 'fast heartbeats', 'difficult breathing', 'swelling of face', 'lips', 'tongue', 'throat', 'vision changes', 'unusual mood changes', 'thoughts about hurting yourself', 'pounding heartbeats', 'fluttering in chest', 'light-headed feeling', 'feeling like might pass out', 'signs of thyroid tumor--swelling or lump in neck', 'trouble swallowing', 'hoarse voice', 'shortness of breath', 'symptoms of pancreatitis--severe pain in upper stomach spreading to back', 'nausea with or without vomiting', 'fast heart rate', 'gallbladder problems--upper stomach pain', 'fever', 'clay-colored stools', 'jaundice', 'low blood sugar--headache', 'hunger', 'weakness', 'sweating', 'confusion', 'irritability', 'dizziness', 'fast heart rate', 'feeling jittery', 'kidney problems--swelling', 'urinating less', 'feeling tired', 'shortness of breath', 'stomach flu symptoms--stomach cramps', 'loss of appetite', 'diarrhea', 'watery or bloody', 'common side effects', 'upset stomach', 'heartburn', 'burping', 'gas', 'bloating', 'nausea', 'vomiting', 'stomach pain', 'loss of appetite', 'diarrhea', 'constipation', 'headache', 'tiredness']"
liraglutide,"['hives', 'fast heartbeats', 'dizziness', 'trouble breathing', 'trouble swallowing', 'swelling of face', 'lips', 'tongue', 'throat', 'sudden changes in mood or behavior', 'suicidal thoughts', 'dehydration symptoms', 'thirstiness', 'inability to urinate', 'heavy sweating', 'hot and dry skin', 'low blood sugar', 'headache', 'hunger', 'sweating', 'irritability', 'fast heart rate', 'feeling anxious or shaky', 'gallbladder or pancreas problems', 'sudden and severe pain in upper stomach', 'nausea', 'vomiting', 'fever', 'jaundice', 'signs of thyroid tumor', 'swelling or lump in neck', 'hoarse voice', 'feeling short of breath', 'common side effects', 'nausea', 'stomach discomfort', 'loss of appetite', 'diarrhea', 'constipation', 'rash', 'headache', 'feeling tired']"
lisinopril,"['hives', 'severe stomach pain', 'difficult breathing', 'swelling of face', 'lips', 'tongue', 'throat', 'light-headed feeling', 'fainting', 'fever', 'sore throat', 'high potassium', 'nausea', 'weakness', 'tingling sensation', 'chest pain', 'irregular heartbeats', 'loss of movement', 'kidney problems', 'little or no urination', 'swelling in feet or ankles', 'feeling tired', 'liver problems', 'upper stomach pain', 'itching', 'tired feeling', 'loss of appetite', 'dark urine', 'clay-colored stools', 'jaundice', 'common side effects', 'headache', 'dizziness', 'cough', 'chest pain']"
losartan,"['hives', 'difficult breathing', 'swelling of face', 'lips', 'tongue', 'throat', 'unexplained muscle pain', 'tenderness', 'weakness', 'fever', 'unusual tiredness', 'dark colored urine', 'feeling faint', 'pain or burning during urination', 'pale skin', 'light-headedness', 'rapid heart rate', 'trouble concentrating', 'wheezing', 'chest pain', 'drowsiness', 'confusion', 'mood changes', 'increased thirst', 'loss of appetite', 'nausea', 'vomiting', 'swelling', 'weight gain', 'decreased urination', 'high potassium', 'cold symptoms', 'stuffy nose', 'sneezing', 'sore throat', 'fever', 'dry cough', 'muscle cramps', 'leg or back pain', 'stomach pain', 'diarrhea', 'headache', 'dizziness', 'tiredness', 'insomnia']"
nebivolol,"['hives', 'difficult breathing', 'swelling of face', 'lips', 'tongue', 'throat', 'light-headedness', 'fainting sensation', 'rapid weight gain', 'shortness of breath', 'slow or uneven heartbeats', 'numbness or cold feeling in hands and feet', 'dizziness', 'leg swelling', 'tiredness', 'headache']"
zolpidem,"['hives', 'difficulty breathing', 'swelling of face', 'lips', 'tongue', 'throat', 'depression', 'anxiety', 'aggression', 'agitation', 'confusion', 'unusual thoughts', 'hallucinations', 'memory problems', 'changes in personality', 'risk-taking behavior', 'decreased inhibitions', 'thoughts of suicide or self-harm', 'chest pain', 'fast or irregular heartbeat', 'shortness of breath', 'trouble breathing or swallowing', 'feeling faint', 'daytime drowsiness', 'dizziness', 'weakness', 'feeling ""drugged"" or light-headed', 'tiredness', 'loss of coordination', 'stuffy nose', 'dry mouth', 'nose or throat irritation', 'nausea', 'constipation', 'diarrhea', 'upset stomach', 'headache', 'muscle pain']"
suvorexant,"['hives', 'difficult breathing', 'swelling of face', 'lips', 'tongue', 'throat', 'trouble moving or talking upon waking', 'weak feeling in legs', 'unusual thoughts or behavior', 'anxiety', 'agitation', 'depression', 'memory problems', 'confusion', 'hallucinations', 'thoughts of self-harm', 'overweight', 'strange dreams', 'drowsiness during the day']"
oxycodone,"['hives', 'difficult breathing', 'swelling of face', 'lips', 'tongue', 'throat', 'noisy breathing', 'sighing', 'shallow breathing', 'breathing cessation during sleep', 'slow heart rate', 'weak pulse', 'cold clammy skin', 'light-headedness', 'confusion', 'unusual thoughts or behavior', 'seizure', 'low cortisol levels', 'high serotonin levels', 'agitation', 'fever', 'sweating', 'shivering', 'fast heart rate', 'muscle stiffness', 'twitching', 'loss of coordination', 'nausea', 'vomiting', 'diarrhea', 'fertility issues', 'drowsiness', 'dizziness', 'tiredness', 'headache', 'constipation', 'stomach pain', 'nausea', 'vomiting', 'itching', 'red eyes', 'flushing']"
acetaminophen / hydrocodone,"['hives', 'difficulty breathing', 'swelling of face', 'lips', 'tongue', 'throat', 'noisy breathing', 'sighing', 'shallow breathing', 'breathing cessation during sleep', 'light-headedness', 'liver problems', 'low cortisol levels', 'high serotonin levels', 'agitation', 'hallucinations', 'fever', 'sweating', 'shivering', 'fast heart rate', 'muscle stiffness', 'twitching', 'loss of coordination', 'nausea', 'vomiting', 'diarrhea', 'fertility issues', 'dizziness', 'drowsiness', 'tiredness', 'nausea', 'vomiting', 'stomach pain', 'constipation', 'headache']"
acetaminophen / oxycodone,"['hives', 'difficulty breathing', 'swelling of face', 'lips', 'tongue', 'throat', 'noisy breathing', 'sighing', 'shallow breathing', 'light-headedness', 'weakness', 'tiredness', 'fever', 'unusual bruising or bleeding', 'confusion', 'unusual thoughts or behavior', 'problems with urination', 'liver problems', 'low cortisol levels', 'symptoms of serotonin syndrome', 'agitation', 'hallucinations', 'fever', 'sweating', 'shivering', 'fast heart rate', 'muscle stiffness', 'twitching', 'loss of coordination', 'nausea', 'vomiting', 'diarrhea', 'fertility issues', 'dizziness', 'drowsiness', 'feelings of extreme happiness or sadness', 'constipation', 'headache']"
tapentadol,"['hives', 'chest pain', 'fast heartbeats', 'difficult breathing', 'swelling of face', 'lips', 'tongue', 'throat', 'noisy breathing', 'sighing', 'shallow breathing', 'light-headedness', 'agitation', 'feeling hot', 'severe drowsiness', 'dizziness', 'confusion', 'problems with speech or balance', 'seizure', 'symptoms of serotonin syndrome', 'muscle stiffness', 'twitching', 'loss of coordination', 'diarrhea', 'low cortisol levels', 'nausea', 'vomiting', 'loss of appetite', 'worsening tiredness or weakness', 'constipation', 'headache', 'feeling tired']"
phentermine,"['hives', 'difficult breathing', 'swelling of face', 'lips', 'tongue', 'throat', 'feeling short of breath', 'chest pain', 'feeling like you might pass out', 'swelling in ankles or feet', 'pounding heartbeats', 'fluttering in chest', 'tremors', 'feeling restless', 'trouble sleeping', 'unusual changes in mood or behavior', 'increased blood pressure', 'severe headache', 'blurred vision', 'pounding in neck or ears', 'anxiety', 'nosebleed', 'itching', 'dizziness', 'dry mouth', 'unpleasant taste', 'diarrhea', 'constipation', 'stomach pain', 'increased or decreased interest in sex']"
bupropion / naltrexone,"['fever', 'swollen glands', 'mouth sores', 'muscle or joint pain', 'hives', 'rash or itching', 'chest pain', 'difficult breathing', 'swelling of face', 'lips', 'tongue', 'or throat', 'slow breathing with long pauses', 'severe drowsiness', 'hard to wake up', 'severe headache', 'blurred vision', 'pounding in neck or ears', 'fast heartbeats', 'seizure (convulsions)', 'blurred vision', 'tunnel vision', 'eye pain or swelling', 'seeing halos around lights', 'changes in mood or behavior--anxiety', 'depression', 'panic attacks', 'trouble sleeping', 'agitation', 'thoughts about suicide or hurting yourself', 'manic episode--racing thoughts', 'increased energy', 'unusual risk-taking behavior', 'extreme happiness', 'being irritable or talkative', 'liver problems--upper stomach pain', 'tiredness', 'dark urine', 'jaundice (yellowing of skin or eyes)', 'severe skin reaction--fever', 'sore throat', 'burning eyes', 'skin pain', 'red or purple skin rash with blistering and peeling', 'nausea', 'vomiting', 'diarrhea', 'constipation', 'headache', 'dizziness', 'dry mouth', 'sleep problems (insomnia)']"
