drug_name,side_effects,effect_list,medical_condition
doxycycline,"(hives, difficult breathing, swelling in your face or throat) or a severe skin reaction (fever, sore throat, burning in your eyes, skin pain, red or purple skin rash that spreads and causes blistering and peeling). Seek medical treatment if you have a serious drug reaction that can affect many parts of your body. Symptoms may include: skin rash, fever, swollen glands, flu-like symptoms, muscle aches, severe weakness, unusual bruising, or yellowing of your skin or eyes. This reaction may occur several weeks after you began using doxycycline. Doxycycline may cause serious side effects. Call your doctor at once if you have: severe stomach pain, diarrhea that is watery or bloody; throat irritation, trouble swallowing; chest pain, irregular heart rhythm, feeling short of breath; little or no urination; low white blood cell counts - fever, chills, swollen glands, body aches, weakness, pale skin, easy bruising or bleeding; severe headaches, ringing in your ears, dizziness, nausea, vision problems, pain behind your eyes; loss of appetite, upper stomach pain (that may spread to your back), tiredness, nausea or vomiting, fast heart rate, dark urine, jaundice (yellowing of the skin or eyes). Common side effects of doxycycline may include: nausea and vomiting; upset stomach; loss of appetite; mild diarrhea; skin rash or itching; darkened skin color; vaginal itching or discharge.","['hives', 'difficult breathing', 'swelling in your face or throat', 'severe skin reaction', 'fever', 'sore throat', 'burning in your eyes', 'skin pain', 'red or purple skin rash', 'blistering', 'peeling', 'serious drug reaction', 'skin rash', 'swollen glands', 'flu-like symptoms', 'muscle aches', 'severe weakness', 'unusual bruising', 'yellowing of skin or eyes', 'severe stomach pain', 'watery or bloody diarrhea', 'throat irritation', 'trouble swallowing', 'chest pain', 'irregular heart rhythm', 'feeling short of breath', 'little or no urination', 'low white blood cell counts', 'fever', 'chills', 'body aches', 'pale skin', 'easy bruising', 'bleeding', 'severe headaches', 'ringing in ears', 'dizziness', 'nausea', 'vision problems', 'pain behind eyes', 'loss of appetite', 'upper stomach pain', 'tiredness', 'vomiting', 'fast heart rate', 'dark urine', 'jaundice', 'common side effects', 'nausea', 'vomiting', 'upset stomach', 'loss of appetite', 'mild diarrhea', 'skin rash', 'itching', 'darkened skin color', 'vaginal itching', 'discharge']",Acne
isotretinoin,"problems with your vision or hearing; muscle or joint pain, bone pain, back pain; increased thirst, increased urination; hallucinations, (see or hearing things that are not real); symptoms of depression--unusual mood changes, crying spells, feelings of low self-worth, loss of interest in things you once enjoyed, new sleep problems, thoughts about hurting yourself; signs of liver or pancreas problems--loss of appetite, upper stomach pain (that may spread to your back), nausea or vomiting, fast heart rate , dark urine, jaundice (yellowing of the skin or eyes); severe stomach problems--severe stomach or chest pain, pain when swallowing, heartburn , diarrhea , rectal bleeding , bloody or tarry stools; or increased pressure inside the skull--severe headaches, ringing in your ears, dizziness, nausea, vision problems, pain behind your eyes. Common side effects of isotretinoin may include: dryness of your skin, lips, eyes, or nose (you may have nosebleeds ); vision problems; headache, back pain , joint pain, muscle problems; skin reactions; or cold symptoms such as stuffy nose, sneezing, sore throat.","['problems with vision or hearing', 'muscle or joint pain', 'bone pain', 'back pain', 'increased thirst', 'increased urination', 'hallucinations', 'symptoms of depression', 'unusual mood changes', 'crying spells', 'feelings of low self-worth', 'loss of interest in things once enjoyed', 'new sleep problems', 'thoughts about hurting yourself', 'signs of liver or pancreas problems', 'loss of appetite', 'upper stomach pain', 'nausea', 'vomiting', 'fast heart rate', 'dark urine', 'jaundice', 'severe stomach problems', 'severe stomach or chest pain', 'pain when swallowing', 'heartburn', 'diarrhea', 'rectal bleeding', 'bloody or tarry stools', 'increased pressure inside the skull', 'severe headaches', 'ringing in ears', 'dizziness', 'nausea', 'vision problems', 'pain behind eyes', 'common side effects', 'dryness of skin', 'lips', 'eyes', 'nose', 'nosebleeds', 'headache', 'back pain', 'joint pain', 'muscle problems', 'skin reactions', 'cold symptoms', 'stuffy nose', 'sneezing', 'sore throat']",Acne
adapalene / benzoyl peroxide,"Benzoyl peroxide can cause a rare but serious allergic reaction or severe skin irritation. Stop using this medicine and get emergency medical help if you have: hives , itching; difficult breathing, feeling light-headed; or swelling of your face, lips, tongue, or throat. Adapalene and benzoyl peroxide may cause serious side effects. Call your doctor at once if you have: severe redness or swelling of treated skin; severe burning or stinging; or severe dryness or other skin irritation. Common side effects of adapalene and benzoyl peroxide may include: dry or scaly skin; skin redness; or burning or stinging.","['hives', 'itching', 'difficult breathing', 'feeling light-headed', 'swelling of face', 'lips', 'tongue', 'throat', 'severe redness or swelling of treated skin', 'severe burning or stinging', 'severe dryness or other skin irritation', 'dry or scaly skin', 'skin redness', 'burning or stinging']",Acne
drospirenone / ethinyl estradiol,"hives ; difficult breathing; swelling of your face, lips, tongue, or throat. Birth control pills may cause serious side effects. Stop using birth control pills and call your doctor at once if you have: signs of a stroke--sudden numbness or weakness (especially on one side of the body), sudden severe headache, slurred speech, problems with vision or balance; signs of a blood clot--sudden vision loss, stabbing chest pain, feeling short of breath, coughing up blood , pain or warmth in one or both legs; heart attack symptoms--chest pain or pressure, pain spreading to your jaw or shoulder, nausea, sweating; liver problems--loss of appetite, upper stomach pain, tiredness, dark urine, clay-colored stools, jaundice (yellowing of the skin or eyes); increased blood pressure--severe headache, blurred vision, pounding in your neck or ears; swelling in your hands, ankles, or feet; a change in the pattern or severity of migraine headaches; or symptoms of depression--sleep problems, weakness, tired feeling, mood changes. Common side effects of drospirenone and ethinyl estradiol may include: nausea, vomiting ; breast tenderness; headache, mood changes, feeling tired or irritable; weight gain; or changes in your menstrual periods, decreased sex drive.","['hives', 'difficult breathing', 'swelling of face', 'lips', 'tongue', 'throat', 'signs of a stroke', 'sudden numbness or weakness', 'sudden severe headache', 'slurred speech', 'problems with vision or balance', 'signs of a blood clot', 'sudden vision loss', 'stabbing chest pain', 'feeling short of breath', 'coughing up blood', 'pain or warmth in one or both legs', 'heart attack symptoms', 'chest pain or pressure', 'pain spreading to jaw or shoulder', 'nausea', 'sweating', 'liver problems', 'loss of appetite', 'upper stomach pain', 'tiredness', 'dark urine', 'clay-colored stools', 'jaundice', 'increased blood pressure', 'severe headache', 'blurred vision', 'pounding in neck or ears', 'swelling in hands', 'ankles', 'or feet', 'change in pattern or severity of migraine headaches', 'symptoms of depression', 'sleep problems', 'weakness', 'tired feeling', 'mood changes', 'common side effects', 'nausea', 'vomiting', 'breast tenderness', 'headache', 'mood changes', 'feeling tired or irritable', 'weight gain', 'changes in menstrual periods', 'decreased sex drive']",Acne
lisdexamfetamine,"hives ; difficult breathing; swelling of your face, lips, tongue, or throat. Lisdexamfetamine may cause serious side effects. Call your doctor at once if you have: signs of heart problems--chest pain, trouble breathing, pounding heartbeats or fluttering in your chest, feeling like you might pass out; signs of psychosis--hallucinations (seeing or hearing things that are not real), new behavior problems, aggression, hostility, paranoia; or signs of circulation problems--numbness, pain, cold feeling, unexplained wounds, or skin color changes (pale, red, or blue appearance) in your fingers or toes. Seek medical attention right away if you have symptoms of serotonin syndrome, such as: agitation , hallucinations, fever, sweating, shivering, fast heart rate , muscle stiffness, twitching, loss of coordination, nausea , vomiting , or diarrhea . Lisdexamfetamine can affect growth in children. Tell your doctor if your child is not growing at a normal rate while using lisdexamfetamine. Common side effects of lisdexamfetamine may include: dry mouth, loss of appetite, weight loss; sleep problems ( insomnia ); fast heart rate, feeling jittery; dizziness , feeling anxious or irritable; or nausea, vomiting, stomach pain, diarrhea, constipation .","['hives', 'difficult breathing', 'swelling of face', 'lips', 'tongue', 'throat', 'signs of heart problems', 'chest pain', 'trouble breathing', 'pounding heartbeats', 'fluttering in chest', 'feeling like might pass out', 'signs of psychosis', 'hallucinations', 'new behavior problems', 'aggression', 'hostility', 'paranoia', 'signs of circulation problems', 'numbness', 'pain', 'cold feeling', 'unexplained wounds', 'skin color changes', 'pale', 'red', 'blue appearance', 'fingers', 'toes', 'symptoms of serotonin syndrome', 'agitation', 'fever', 'sweating', 'shivering', 'fast heart rate', 'muscle stiffness', 'twitching', 'loss of coordination', 'nausea', 'vomiting', 'diarrhea', 'effect on growth in children', 'dry mouth', 'loss of appetite', 'weight loss', 'sleep problems', 'insomnia', 'fast heart rate', 'feeling jittery', 'dizziness', 'feeling anxious', 'irritable', 'nausea', 'vomiting', 'stomach pain', 'diarrhea', 'constipation']",ADHD
methylphenidate,"hives ; difficulty breathing; swelling of your face, lips, tongue, or throat. Call your doctor at once if you have: signs of heart problems - chest pain, trouble breathing, feeling like you might pass out; signs of psychosis - hallucinations (seeing or hearing things that are not real), new behavior problems, aggression, hostility, paranoia; signs of circulation problems - numbness , pain, cold feeling, unexplained wounds, or skin color changes (pale, red, or blue appearance) in your fingers or toes; or penis erection that is painful or lasts 4 hours or longer. Seek medical attention right away if you have symptoms of serotonin syndrome, such as: agitation, hallucinations, fever, sweating, shivering, fast heart rate , muscle stiffness, twitching, loss of coordination, nausea, vomiting, or diarrhea. Methylphenidate can affect growth in children. Your child's height and weight may need to be checked often. Tell your doctor if your child is not growing at a normal rate. Common methylphenidate side effects may include: sweating, increased blood pressure; mood changes, anxiety, feeling nervous or irritable, trouble sleeping; fast heart rate, pounding heartbeats or fluttering in your chest; loss of appetite, weight loss ; dry mouth, nausea, vomiting, stomach pain, indigestion ; or headache, dizziness .","['hives', 'difficulty breathing', 'swelling of face', 'lips', 'tongue', 'throat', 'signs of heart problems', 'chest pain', 'trouble breathing', 'feeling like might pass out', 'signs of psychosis', 'hallucinations', 'new behavior problems', 'aggression', 'hostility', 'paranoia', 'signs of circulation problems', 'numbness', 'pain', 'cold feeling', 'unexplained wounds', 'skin color changes', 'pale', 'red', 'blue appearance', 'fingers', 'toes', 'painful or prolonged penis erection', 'symptoms of serotonin syndrome', 'agitation', 'fever', 'sweating', 'shivering', 'fast heart rate', 'muscle stiffness', 'twitching', 'loss of coordination', 'nausea', 'vomiting', 'diarrhea', 'effect on growth in children', 'sweating', 'increased blood pressure', 'mood changes', 'anxiety', 'feeling nervous', 'irritable', 'trouble sleeping', 'fast heart rate', 'pounding heartbeats', 'fluttering in chest', 'loss of appetite', 'weight loss', 'dry mouth', 'nausea', 'vomiting', 'stomach pain', 'indigestion', 'headache', 'dizziness']",ADHD
amphetamine / dextroamphetamine,"hives ; difficult breathing; swelling of your face, lips, tongue, or throat. Amphetamine and dextroamphetamine may cause serious side effects. Call your doctor at once if you have: signs of heart problems--chest pain, trouble breathing, feeling like you might pass out; signs of psychosis--hallucinations (seeing or hearing things that are not real), new behavior problems, aggression, hostility, paranoia; signs of circulation problems--numbness, pain, cold feeling, unexplained wounds, or skin color changes (pale, red, or blue appearance) in your fingers or toes; a seizure (convulsions); muscle twitches (tics); or changes in your vision. Seek medical attention right away if you have symptoms of serotonin syndrome, such as: agitation, hallucinations, fever, sweating, shivering, fast heart rate , muscle stiffness, twitching, loss of coordination, nausea, vomiting, or diarrhea. Long-term use of stimulant medicine can affect growth in children. Tell your doctor if your child is not growing at a normal rate while using this medicine. Common side effects of amphetamine and dextroamphetamine may include: stomach pain, nausea, loss of appetite; weight loss ; mood changes, feeling nervous or irritable; fast heart rate; headache , dizziness ; sleep problems ( insomnia ); or dry mouth.","['hives', 'difficult breathing', 'swelling of face', 'lips', 'tongue', 'throat', 'signs of heart problems', 'chest pain', 'trouble breathing', 'feeling like might pass out', 'signs of psychosis', 'hallucinations', 'new behavior problems', 'aggression', 'hostility', 'paranoia', 'signs of circulation problems', 'numbness', 'pain', 'cold feeling', 'unexplained wounds', 'skin color changes', 'pale', 'red', 'blue appearance', 'fingers', 'toes', 'seizure', 'muscle twitches', 'changes in vision', 'symptoms of serotonin syndrome', 'agitation', 'fever', 'sweating', 'shivering', 'fast heart rate', 'muscle stiffness', 'twitching', 'loss of coordination', 'nausea', 'vomiting', 'diarrhea', 'effect on growth in children', 'stomach pain', 'nausea', 'loss of appetite', 'weight loss', 'mood changes', 'feeling nervous', 'irritable', 'fast heart rate', 'headache', 'dizziness', 'sleep problems', 'insomnia', 'dry mouth']",ADHD
bupropion,"(hives, itching, fever, swollen glands, difficult breathing, swelling in your face or throat) or a severe skin reaction (fever, sore throat, burning eyes, skin pain, red or purple skin rash with blistering and peeling). Report any new or worsening symptoms to your doctor , such as: mood or behavior changes, anxiety, depression, panic attacks, trouble sleeping, or if you feel impulsive, irritable, agitated, hostile, aggressive, restless, hyperactive (mentally or physically), more depressed, or have thoughts about suicide or hurting yourself. Call your doctor at once if you have: a seizure (convulsions); confusion, unusual changes in mood or behavior; blurred vision, tunnel vision, eye pain or swelling, or seeing halos around lights; fast or irregular heartbeats; or a manic episode - racing thoughts, increased energy, reckless behavior, feeling extremely happy or irritable, talking more than usual, severe problems with sleep. Common bupropion side effects may include: dry mouth, sore throat, stuffy nose; ringing in the ears; blurred vision; nausea, vomiting, stomach pain, loss of appetite, constipation; sleep problems (insomnia); tremors, sweating, feeling anxious or nervous; fast heartbeats; confusion, agitation, hostility; rash; weight loss; increased urination; headache, dizziness; or muscle or joint pain.","['hives', 'itching', 'fever', 'swollen glands', 'difficult breathing', 'swelling in face or throat', 'severe skin reaction', 'sore throat', 'burning eyes', 'skin pain', 'red or purple skin rash', 'blistering', 'peeling', 'mood or behavior changes', 'anxiety', 'depression', 'panic attacks', 'trouble sleeping', 'feeling impulsive', 'irritable', 'agitated', 'hostile', 'aggressive', 'restless', 'hyperactive', 'thoughts about suicide or hurting yourself', 'seizure', 'confusion', 'unusual changes in mood or behavior', 'blurred vision', 'tunnel vision', 'eye pain', 'swelling', 'halos around lights', 'fast or irregular heartbeats', 'manic episode', 'racing thoughts', 'increased energy', 'reckless behavior', 'extreme happiness', 'dry mouth', 'sore throat', 'stuffy nose', 'ringing in ears', 'nausea', 'vomiting', 'stomach pain', 'loss of appetite', 'constipation', 'insomnia', 'tremors', 'sweating', 'feeling anxious or nervous', 'fast heartbeats', 'confusion', 'agitation', 'hostility', 'rash', 'weight loss', 'increased urination', 'headache', 'dizziness', 'muscle or joint pain']",ADHD
atomoxetine,"hives ; difficult breathing; swelling of your face, lips, tongue, or throat. Report any new or worsening symptoms to your doctor, such as: anxiety , panic attacks , trouble sleeping, or if you feel impulsive, irritable, agitated, hostile, aggressive, restless, hyperactive (mentally or physically), depressed, or have thoughts about suicide or hurting yourself. Atomoxetine can affect growth in children. Tell your doctor if your child is not growing at a normal rate while using this medicine. Atomoxetine may cause serious side effects. Call your doctor at once if you have: signs of heart problems--chest pain, trouble breathing, feeling like you might pass out; signs of psychosis--hallucinations (seeing or hearing things that are not real), new behavior problems, aggression, hostility, paranoia; liver problems--stomach pain (upper right side), itching, flu-like symptoms, dark urine, jaundice (yellowing of the skin or eyes); painful or difficult urination; or erection is painful or lasts longer than 4 hours (this is a rare side effect). Common side effects of atomoxetine may include: nausea , vomiting , upset stomach , constipation ; dry mouth, loss of appetite; mood changes, feeling tired; dizziness; urination problems; or impotence , trouble having an erection.","['hives', 'difficult breathing', 'swelling of face', 'lips', 'tongue', 'throat', 'anxiety', 'panic attacks', 'trouble sleeping', 'feeling impulsive', 'irritable', 'agitated', 'hostile', 'aggressive', 'restless', 'hyperactive', 'depressed', 'thoughts about suicide or hurting yourself', 'effect on growth in children', 'signs of heart problems', 'chest pain', 'trouble breathing', 'feeling like might pass out', 'signs of psychosis', 'hallucinations', 'new behavior problems', 'aggression', 'hostility', 'paranoia', 'liver problems', 'stomach pain', 'itching', 'flu-like symptoms', 'dark urine', 'jaundice', 'painful or difficult urination', 'painful or prolonged erection', 'common side effects', 'nausea', 'vomiting', 'upset stomach', 'constipation', 'dry mouth', 'loss of appetite', 'mood changes', 'feeling tired', 'dizziness', 'urination problems', 'impotence', 'trouble having an erection']",ADHD
hydroxyzine,"hives; difficult breathing; swelling of your face, lips, tongue, or throat. In rare cases, hydroxyzine may cause a severe skin reaction. Stop taking this medicine and call your doctor right away if you have sudden skin redness or a rash that spreads and causes white or yellow pustules, blistering, or peeling. Stop using hydroxyzine and call your doctor at once if you have: fast or pounding heartbeats; headache with chest pain; severe dizziness, fainting; or a seizure (convulsions). Side effects such as drowsiness and confusion may be more likely in older adults. Common hydroxyzine side effects may include: drowsiness; headache; dry mouth; or skin rash.","['hives', 'difficult breathing', 'swelling of face', 'lips', 'tongue', 'throat', 'severe skin reaction', 'sudden skin redness', 'rash', 'white or yellow pustules', 'blistering', 'peeling', 'fast or pounding heartbeats', 'headache with chest pain', 'severe dizziness', 'fainting', 'seizure', 'convulsions', 'side effects', 'drowsiness', 'confusion', 'older adults', 'common side effects', 'headache', 'dry mouth', 'skin rash']",Allergies
metoprolol,"hives ; difficulty breathing; swelling of your face, lips, tongue, or throat. Metoprolol may cause serious side effects. Call your doctor at once if you have: very slow heartbeats; a light-headed feeling, like you might pass out; shortness of breath (even with mild exertion), swelling, rapid weight gain; or cold feeling in your hands and feet. Common side effects of metoprolol may include: dizziness ; tired feeling; depression ; confusion; memory problems; nightmares ; trouble sleeping; diarrhea; mild itching or rash.","['hives', 'difficulty breathing', 'swelling of face', 'lips', 'tongue', 'throat', 'serious side effects', 'very slow heartbeats', 'light-headed feeling', 'passing out', 'shortness of breath', 'swelling', 'rapid weight gain', 'cold feeling in hands and feet', 'common side effects', 'dizziness', 'tired feeling', 'depression', 'confusion', 'memory problems', 'nightmares', 'trouble sleeping', 'diarrhea', 'mild itching', 'rash']",Angina
amlodipine,"hives; difficulty breathing; swelling of your face, lips, tongue, or throat. In rare cases, when you first start taking amlodipine, your angina may get worse or you could have a heart attack. Seek emergency medical attention or call your doctor right away if you have symptoms such as: chest pain or pressure, pain spreading to your jaw or shoulder, nausea, sweating. Amlodipine may cause serious side effects. Call your doctor at once if you have: pounding heartbeats or fluttering in your chest; worsening chest pain; swelling in your feet or ankles; severe drowsiness; or a light-headed feeling, like you might pass out. Common side effects of amlodipine may include: dizziness; drowsiness; feeling tired; stomach pain; nausea; flushing (warmth, redness, or tingly feeling).","['hives', 'difficulty breathing', 'swelling of face', 'lips', 'tongue', 'throat', 'rare cases', 'worsening angina', 'heart attack', 'emergency medical attention', 'symptoms such as chest pain', 'pressure', 'pain spreading to jaw or shoulder', 'nausea', 'sweating', 'serious side effects', 'pounding heartbeats', 'fluttering in chest', 'worsening chest pain', 'swelling in feet or ankles', 'severe drowsiness', 'light-headed feeling', 'passing out', 'common side effects', 'dizziness', 'drowsiness', 'feeling tired', 'stomach pain', 'nausea', 'flushing']",Angina
alprazolam,"hives ; difficult breathing; swelling of your face, lips, tongue, or throat. Alprazolam can slow or stop your breathing, especially if you have recently used an opioid medication or alcohol. A person caring for you should seek emergency medical attention if you have slow breathing with long pauses, blue colored lips, or if you are hard to wake up. Call your doctor at once if you have: weak or shallow breathing; a light-headed feeling, like you might pass out; a seizure; hallucinations, risk-taking behavior; increased energy, decreased need for sleep; racing thoughts, being agitated or talkative; double vision; or jaundice (yellowing of the skin or eyes). Drowsiness or dizziness may last longer in older adults. Use caution to avoid falling or accidental injury. Common alprazolam side effects may include: drowsiness; or feeling light-headed. After you stop using alprazolam, get medical help right away if you have symptoms such as: unusual muscle movements, being more active or talkative, sudden and severe changes in mood or behavior, confusion, hallucinations, seizures, suicidal thoughts or actions. Some withdrawal symptoms may last up to 12 months or longer after stopping this medicine suddenly. Tell your doctor if you have ongoing anxiety, depression, problems with memory or thinking, trouble sleeping, ringing in your ears, a burning or prickly feeling, or a crawling sensation under your skin.","['hives', 'difficult breathing', 'swelling of face', 'lips', 'tongue', 'throat', 'alprazolam', 'slowing or stopping breathing', 'opioid medication', 'alcohol', 'emergency medical attention', 'slow breathing', 'long pauses', 'blue colored lips', 'hard to wake up', 'weak or shallow breathing', 'light-headed feeling', 'passing out', 'seizure', 'hallucinations', 'risk-taking behavior', 'increased energy', 'decreased need for sleep', 'racing thoughts', 'being agitated or talkative', 'double vision', 'jaundice', 'drowsiness', 'dizziness', 'older adults', 'caution to avoid falling or accidental injury', 'common side effects', 'drowsiness', 'feeling light-headed', 'withdrawal symptoms', 'unusual muscle movements', 'being more active or talkative', 'sudden and severe changes in mood or behavior', 'confusion', 'hallucinations', 'seizures', 'suicidal thoughts or actions', 'ongoing anxiety', 'depression', 'problems with memory or thinking', 'trouble sleeping', 'ringing in ears', 'burning or prickly feeling', 'crawling sensation under skin']",Anxiety
buspirone,"hives; difficult breathing; swelling of your face, lips, tongue, or throat. Call your doctor at once if you have: chest pain; shortness of breath; or a light-headed feeling, like you might pass out. Common buspirone side effects may include: headache; dizziness, drowsiness; sleep problems (insomnia); nausea, upset stomach; or feeling nervous or excited.","['hives', 'difficult breathing', 'swelling of face', 'lips', 'tongue', 'throat', 'chest pain', 'shortness of breath', 'light-headed feeling', 'passing out', 'common side effects', 'headache', 'dizziness', 'drowsiness', 'sleep problems', 'insomnia', 'nausea', 'upset stomach', 'feeling nervous', 'excited']",Anxiety
escitalopram,"skin rash or hives ; difficulty breathing; swelling of your face, lips, tongue, or throat. Report any new or worsening symptoms to your doctor, such as: mood or behavior changes, anxiety, panic attacks , trouble sleeping, or if you feel impulsive, irritable, agitated, hostile, aggressive, restless, hyperactive (mentally or physically), more depressed, or have thoughts about suicide or hurting yourself. Call your doctor at once if you have: blurred vision, tunnel vision, eye pain or swelling, or seeing halos around lights; racing thoughts, unusual risk-taking behavior, feelings of extreme happiness or sadness; pain or burning when you urinate; (in a child taking escitalopram) slow growth or weight gain; low levels of sodium in the body - headache , confusion, slurred speech, severe weakness, vomiting, loss of coordination, feeling unsteady; or severe nervous system reaction - very stiff (rigid) muscles, high fever, sweating, confusion, fast or uneven heartbeats, tremors, feeling like you might pass out. Seek medical attention right away if you have symptoms of serotonin syndrome, such as: agitation, hallucinations, fever, sweating, shivering, fast heart rate, muscle stiffness, twitching, loss of coordination, nausea, vomiting, or diarrhea. Common escitalopram side effects may include: painful urination; dizziness , drowsiness, tiredness, weakness; feeling anxious or agitated; increased muscle movements, feeling shaky; sleep problems ( insomnia ); sweating, dry mouth, increased thirst, loss of appetite; nausea, constipation ; yawning; nosebleed, heavy menstrual periods; or decreased sex drive, impotence , or difficulty having an orgasm.","['skin rash', 'hives', 'difficulty breathing', 'swelling of face', 'lips', 'tongue', 'throat', 'mood or behavior changes', 'anxiety', 'panic attacks', 'trouble sleeping', 'feeling impulsive', 'irritable', 'agitated', 'hostile', 'aggressive', 'restless', 'hyperactive', 'depressed', 'thoughts about suicide or hurting yourself', 'blurred vision', 'tunnel vision', 'eye pain', 'swelling', 'halos around lights', 'racing thoughts', 'unusual risk-taking behavior', 'extreme happiness or sadness', 'pain or burning when urinating', 'slow growth or weight gain in children', 'low sodium levels in the body', 'headache', 'confusion', 'slurred speech', 'severe weakness', 'vomiting', 'loss of coordination', 'feeling unsteady', 'severe nervous system reaction', 'very stiff muscles', 'high fever', 'sweating', 'confusion', 'fast or uneven heartbeats', 'tremors', 'feeling like might pass out', 'symptoms of serotonin syndrome', 'agitation', 'hallucinations', 'fever', 'sweating', 'shivering', 'fast heart rate', 'muscle stiffness', 'twitching', 'loss of coordination', 'nausea', 'vomiting', 'diarrhea', 'common side effects', 'painful urination', 'dizziness', 'drowsiness', 'tiredness', 'weakness', 'feeling anxious', 'increased muscle movements', 'feeling shaky', 'sleep problems', 'sweating', 'dry mouth', 'increased thirst', 'loss of appetite', 'constipation', 'yawning', 'nosebleed', 'heavy menstrual periods', 'decreased sex drive', 'impotence', 'difficulty having an orgasm']",Anxiety
trazodone,"hives ; difficulty breathing; swelling of your face, lips, tongue, or throat. Stop taking trazodone and call your doctor at once if you have a penis erection that is painful or lasts 6 hours or longer. This is a medical emergency and could lead to a serious condition that must be corrected with surgery. Report any new or worsening symptoms to your doctor, such as: mood or behavior changes, anxiety , panic attacks , trouble sleeping, or if you feel impulsive, irritable, agitated, hostile, aggressive, restless, hyperactive (mentally or physically), more depressed, or have thoughts about suicide or hurting yourself. Call your doctor at once if you have: fast or pounding heartbeats, fluttering in your chest, shortness of breath, and sudden dizziness (like you might pass out); slow heartbeats; unusual thoughts or behavior; easy bruising, unusual bleeding; or low levels of sodium in the body - headache, confusion, slurred speech, severe weakness, vomiting, loss of coordination, feeling unsteady. Seek medical attention right away if you have symptoms of serotonin syndrome, such as: agitation , hallucinations, fever, sweating, shivering, fast heart rate , muscle stiffness, twitching, loss of coordination, nausea , vomiting, or diarrhea . Common trazodone side effects may include: drowsiness, dizziness, tiredness; swelling; weight loss; blurred vision; diarrhea, constipation ; or stuffy nose.","['hives', 'difficulty breathing', 'swelling of face', 'lips', 'tongue', 'throat', 'painful or prolonged penis erection', 'medical emergency', 'surgery', 'mood or behavior changes', 'anxiety', 'panic attacks', 'trouble sleeping', 'feeling impulsive', 'irritable', 'agitated', 'hostile', 'aggressive', 'restless', 'hyperactive', 'depressed', 'thoughts about suicide or hurting yourself', 'fast or pounding heartbeats', 'fluttering in chest', 'shortness of breath', 'sudden dizziness', 'passing out', 'slow heartbeats', 'unusual thoughts or behavior', 'easy bruising', 'unusual bleeding', 'low sodium levels in body', 'headache', 'confusion', 'slurred speech', 'severe weakness', 'vomiting', 'loss of coordination', 'feeling unsteady', 'symptoms of serotonin syndrome', 'agitation', 'hallucinations', 'fever', 'sweating', 'shivering', 'fast heart rate', 'muscle stiffness', 'twitching', 'loss of coordination', 'nausea', 'vomiting', 'diarrhea', 'common side effects', 'drowsiness', 'dizziness', 'tiredness', 'swelling', 'weight loss', 'blurred vision', 'diarrhea', 'constipation', 'stuffy nose']",Anxiety
venlafaxine,"skin rash or hives ; difficulty breathing; swelling of your face, lips, tongue, or throat. Report any new or worsening symptoms to your doctor, such as: mood or behavior changes, anxiety, panic attacks , trouble sleeping, or if you feel impulsive, irritable, agitated, hostile, aggressive, restless, hyperactive (mentally or physically), more depressed, or have thoughts about suicide or hurting yourself. Venlafaxine may cause serious side effects. Call your doctor at once if you have: blurred vision, eye pain or redness, seeing halos around lights; cough, chest tightness, trouble breathing; a seizure (convulsions); unusual bleeding - nosebleeds , bleeding gums, abnormal vaginal bleeding , any bleeding that will not stop; low blood sodium - headache , confusion, problems with thinking or memory, weakness, feeling unsteady; or severe nervous system reaction - very stiff (rigid) muscles, high fever, sweating, confusion, fast or uneven heartbeats, tremors, feeling like you might pass out. Seek medical attention right away if you have symptoms of serotonin syndrome, such as: agitation , hallucinations, fever, sweating, shivering, fast heart rate , muscle stiffness, twitching, loss of coordination, nausea , vomiting , or diarrhea Common side effects of venlafaxine may include: headache, dizziness , drowsiness, tiredness; feeling anxious, nervous, or jittery; sleep problems, unusual dreams; tremors; fast heartbeats; blurred vision; nausea, vomiting, diarrhea, constipation ; changes in weight or appetite; dry mouth, yawning; increased sweating; or sexual problems.","['skin rash', 'hives', 'difficulty breathing', 'swelling of face', 'lips', 'tongue', 'throat', 'mood or behavior changes', 'anxiety', 'panic attacks', 'trouble sleeping', 'feeling impulsive', 'irritable', 'agitated', 'hostile', 'aggressive', 'restless', 'hyperactive', 'depressed', 'thoughts about suicide or hurting yourself', 'serious side effects', 'blurred vision', 'eye pain', 'redness', 'seeing halos around lights', 'cough', 'chest tightness', 'trouble breathing', 'seizure', 'convulsions', 'unusual bleeding', 'nosebleeds', 'bleeding gums', 'abnormal vaginal bleeding', 'low blood sodium', 'headache', 'confusion', 'problems with thinking or memory', 'weakness', 'feeling unsteady', 'severe nervous system reaction', 'very stiff muscles', 'high fever', 'sweating', 'confusion', 'fast or uneven heartbeats', 'tremors', 'feeling like might pass out', 'symptoms of serotonin syndrome', 'agitation', 'hallucinations', 'fever', 'sweating', 'shivering', 'fast heart rate', 'muscle stiffness', 'twitching', 'loss of coordination', 'nausea', 'vomiting', 'diarrhea', 'common side effects', 'headache', 'dizziness', 'drowsiness', 'tiredness', 'feeling anxious', 'nervous', 'jittery', 'sleep problems', 'unusual dreams', 'tremors', 'fast heartbeats', 'blurred vision', 'nausea', 'vomiting', 'diarrhea', 'constipation', 'changes in weight or appetite', 'dry mouth', 'yawning', 'increased sweating', 'sexual problems']",Anxiety
lamotrigine,"mood or behavior changes, depression, anxiety , or if you feel agitated, hostile, restless, hyperactive (mentally or physically), or have thoughts about suicide or hurting yourself. Lamotrigine may cause serious side effects. Call your doctor at once if you have: fast, slow, or pounding heartbeats or fluttering in your chest; chest pain, shortness of breath; fever, swollen glands, weakness, severe muscle pain; any skin rash, especially with blistering or peeling; painful sores in your mouth or around your eyes; headache, neck stiffness, increased sensitivity to light, nausea , vomiting, confusion, drowsiness; jaundice (yellowing of the skin or eyes); or pale skin, cold hands and feet, easy bruising, unusual bleeding. Common side effects of lamotrigine may include: headache, dizziness ; blurred vision, double vision; tremor, loss of coordination; dry mouth, nausea, vomiting, stomach pain, diarrhea ; fever, sore throat, runny nose ; drowsiness, tired feeling; back pain ; or sleep problems ( insomnia ).","['Mood or behavior changes', 'depression', 'anxiety', 'agitation', 'hostility', 'restlessness', 'hyperactivity (mentally or physically)', 'thoughts about suicide or hurting yourself', 'serious side effects', 'fast', 'slow', 'or pounding heartbeats', 'fluttering in chest', 'chest pain', 'shortness of breath', 'fever', 'swollen glands', 'weakness', 'severe muscle pain', 'skin rash', 'blistering', 'peeling', 'painful sores in mouth or around eyes', 'headache', 'neck stiffness', 'increased sensitivity to light', 'nausea', 'vomiting', 'confusion', 'drowsiness', 'jaundice', 'pale skin', 'cold hands and feet', 'easy bruising', 'unusual bleeding', 'common side effects', 'headache', 'dizziness', 'blurred vision', 'double vision', 'tremor', 'loss of coordination', 'dry mouth', 'nausea', 'vomiting', 'stomach pain', 'diarrhea', 'fever', 'sore throat', 'runny nose', 'drowsiness', 'tired feeling', 'back pain', 'sleep problems', 'insomnia']",Anxiety
tramadol,"noisy breathing, sighing, shallow breathing, breathing that stops during sleep; a slow heart rate or weak pulse; a light-headed feeling, like you might pass out; seizure (convulsions); or low cortisol levels - nausea , vomiting , loss of appetite, dizziness, worsening tiredness or weakness. Seek medical attention right away if you have symptoms of serotonin syndrome, such as: agitation , hallucinations, fever, sweating, shivering, fast heart rate , muscle stiffness, twitching, loss of coordination, nausea, vomiting, or diarrhea . Serious breathing problems may be more likely in older adults and people who are debilitated or have wasting syndrome or chronic breathing disorders. Common side effects of tramadol may include: constipation ; nausea and vomiting; stomach pain; dizziness; drowsiness; tiredness; headache ; itching.","['Noisy breathing', 'sighing', 'shallow breathing', 'breathing that stops during sleep', 'slow heart rate', 'weak pulse', 'light-headed feeling', 'passing out', 'seizure', 'convulsions', 'low cortisol levels', 'nausea', 'vomiting', 'loss of appetite', 'dizziness', 'worsening tiredness', 'weakness', 'symptoms of serotonin syndrome', 'agitation', 'hallucinations', 'fever', 'sweating', 'shivering', 'fast heart rate', 'muscle stiffness', 'twitching', 'loss of coordination', 'nausea', 'vomiting', 'diarrhea', 'serious breathing problems', 'older adults', 'debilitated individuals', 'wasting syndrome', 'chronic breathing disorders', 'common side effects', 'constipation', 'nausea', 'vomiting', 'stomach pain', 'dizziness', 'drowsiness', 'tiredness', 'headache', 'itching']",Anxiety
lurasidone,"hives ; difficulty breathing; swelling of your face, lips, tongue, or throat. Report any new or worsening symptoms to your doctor, such as: mood or behavior changes, anxiety , panic attacks , trouble sleeping, or if you feel impulsive, irritable, agitated, hostile, aggressive, restless, hyperactive (mentally or physically), more depressed, or have thoughts about suicide or hurting yourself. High doses or long-term use of lurasidone can cause a serious movement disorder that may not be reversible. The longer you use lurasidone, the more likely you are to develop this disorder, especially if you are a woman or an older adult. Lurasidone may cause serious side effects. Call your doctor at once if you have: any new or unusual muscle movements you cannot control; a light-headed feeling, like you might pass out; a seizure (convulsions); (in women) irregular menstrual periods, breast or vaginal changes, nipple discharge; (in men) breast swelling, impotence ; trouble swallowing; manic episodes--racing thoughts, increased energy, decreased need for sleep, risk-taking behavior, being agitated or talkative; low white blood cell counts--fever, chills, mouth sores, skin sores, sore throat , cough, trouble breathing; high blood sugar--increased thirst, increased urination, hunger, dry mouth, fruity breath odor; or severe nervous system reaction--very stiff (rigid) muscles, high fever, sweating, confusion, fast or uneven heartbeats, tremors, feeling like you might pass out. Common side effects of lurasidone may include: drowsiness; weight gain; tremors, muscle stiffness, slow muscle movement; feeling restless or being unable to sit still; nausea , vomiting ; runny nose ; or sleep problems ( insomnia ).","['hives', 'difficulty breathing', 'swelling of face', 'lips', 'tongue', 'throat', 'mood or behavior changes', 'anxiety', 'panic attacks', 'trouble sleeping', 'feeling impulsive', 'irritable', 'agitated', 'hostile', 'aggressive', 'restless', 'hyperactive', 'depressed', 'thoughts about suicide or hurting yourself', 'serious movement disorder', 'irreversible', 'high doses', 'long-term use', 'especially in women or older adults', 'serious side effects', 'new or unusual muscle movements', 'light-headed feeling', 'passing out', 'seizure', 'irregular menstrual periods', 'breast or vaginal changes', 'nipple discharge (in women)', 'breast swelling', 'impotence (in men)', 'trouble swallowing', 'manic episodes', 'racing thoughts', 'increased energy', 'decreased need for sleep', 'risk-taking behavior', 'agitation', 'low white blood cell counts', 'fever', 'chills', 'mouth sores', 'skin sores', 'sore throat', 'cough', 'trouble breathing', 'high blood sugar', 'increased thirst', 'increased urination', 'hunger', 'dry mouth', 'fruity breath odor', 'severe nervous system reaction', 'very stiff muscles', 'high fever', 'sweating', 'confusion', 'fast or uneven heartbeats', 'tremors', 'common side effects', 'drowsiness', 'weight gain', 'tremors', 'muscle stiffness', 'slow muscle movement', 'feeling restless', 'unable to sit still', 'nausea', 'vomiting', 'runny nose', 'sleep problems', 'insomnia']",Bipolar Disorder
quetiapine,"Serious serious side effects of quetiapine include: See “Important information” above stroke that can lead to death can happen in elderly people with dementia who take medicines like this neuroleptic malignant syndrome (NMS). NMS is a rare but very serious condition that can happen in people who take antipsychotic medicines, including quetiapine. NMS can cause death and must be treated in a hospital. Call your healthcare provider right away if you become severely ill and have some or all of these symptoms: high fever excessive sweating rigid muscles confusion changes in your breathing, heartbeat, and blood pressure falls can happen in some people who take this medication. These falls may cause serious injuries. high blood sugar (hyperglycemia). High blood sugar can happen if you have diabetes already or if you have never had diabetes. High blood sugar could lead to: build-up of acid in your blood due to ketones (ketoacidosis) coma death Increases in blood sugar can happen in some people who take quetiapine. Extremely high blood sugar can lead to coma or death. If you have diabetes or risk factors for diabetes (such as being overweight or a family history of diabetes) your healthcare provider should check your blood sugar before you start this medication and during therapy. Call your healthcare provider if you have any of these symptoms of high blood sugar (hyperglycemia): feel very thirsty need to urinate more than usual feel very hungry feel weak or tired feel sick to your stomach feel confused, or your breath smells fruity high fat levels in your blood (increased cholesterol and triglycerides). High fat levels may happen in people treated with this medication. You may not have any symptoms, so your healthcare provider may decide to check your cholesterol and triglycerides during your treatment. increase in weight (weight gain). Weight gain is common in people who take quetiapine so you and your healthcare provider should check your weight regularly. Talk to your healthcare provider about ways to control weight gain, such as eating a healthy, balanced diet, and exercising. movements you cannot control in your face, tongue, or other body parts (tardive dyskinesia). These may be signs of a serious condition. Tardive dyskinesia may not go away, even if you stop taking quetiapine. Tardive dyskinesia may also start after you stop taking this medication. decreased blood pressure (orthostatic hypotension), including lightheadedness or fainting caused by a sudden change in heart rate and blood pressure when rising too quickly from a sitting or lying position. increases in blood pressure in children and teenagers. Your healthcare provider should check blood pressure in children and adolescents before starting this medication and during therapy. low white blood cell count. Tell your healthcare provider as soon as possible if you have a fever, flu-like symptoms, or any other infection, as this could be a result of a very low white blood cell count. Your healthcare provider may check your white blood cell level to determine if further treatment or other action is needed. cataracts seizures abnormal thyroid tests. Your healthcare provider may do blood tests to check your thyroid hormone level. increases in prolactin levels sleepiness, drowsiness, feeling tired, difficulty thinking and doing normal activities increased body temperature difficulty swallowing trouble sleeping or trouble staying asleep (insomnia), nausea, or vomiting if you suddenly stop taking quetiapine. These symptoms usually get better 1 week after you start having them. The most common side effects of quetiapine tablets in adults include: drowsiness sudden drop in blood pressure upon standing weight gain sluggishness abnormal liver tests upset stomach dry mouth dizziness weakness abdominal pain constipation sore throat The most common side effects of quetiapine tablets in children and adolescents include: drowsiness dizziness fatigue nausea dry mouth weight gain increased appetite vomiting rapid heart beat The most common side effects of quetiapine extended-release (XR) tablets include: dry mouth constipation dizziness increased appetite upset stomach fatigue stuffy nose difficulty moving disturbance in speech or language The most common side effects of quetiapine extended-release (XR) tablets in children and adolescents include: drowsiness dizziness fatigue stuffy nose increased appetite upset stomach vomiting dry mouth tachycardia weight increased These are not all the possible side effects. For more information, ask your healthcare provider or pharmacist. Call your doctor for medical advice about side effects. You may report side effects to FDA at 1-800-FDA-1088. Quetiapine side effects","['high fever', 'excessive sweating', 'rigid muscles', 'confusion', 'changes in your breathing', 'heartbeat', 'and blood pressure', 'falls', 'high blood sugar (hyperglycemia)', 'build-up of acid in your blood due to ketones (ketoacidosis)', 'coma', 'death', 'feel very thirsty', 'need to urinate more than usual', 'feel very hungry', 'feel weak or tired', 'feel sick to your stomach', 'feel confused', 'your breath smells fruity', 'high fat levels in your blood (increased cholesterol and triglycerides)', 'increase in weight (weight gain)', 'movements you cannot control in your face', 'tongue', 'or other body parts (tardive dyskinesia)', 'decreased blood pressure (orthostatic hypotension)', 'lightheadedness', 'fainting', 'increases in blood pressure in children and teenagers', 'low white blood cell count', 'fever', 'flu-like symptoms', 'any other infection', 'cataracts', 'seizures', 'abnormal thyroid tests', 'increases in prolactin levels', 'sleepiness', 'drowsiness', 'feeling tired', 'difficulty thinking', 'doing normal activities', 'increased body temperature', 'difficulty swallowing', 'trouble sleeping', 'trouble staying asleep (insomnia)', 'nausea', 'vomiting', 'sudden drop in blood pressure upon standing', 'sluggishness', 'abnormal liver tests', 'upset stomach', 'dry mouth', 'dizziness', 'weakness', 'abdominal pain', 'constipation', 'sore throat', 'fatigue', 'increased appetite', 'rapid heartbeat', 'dry mouth', 'constipation', 'increased appetite', 'upset stomach', 'fatigue', 'stuffy nose', 'difficulty moving', 'disturbance in speech or language', 'tachycardia', 'weight increased']",Bipolar Disorder
sertraline,"skin rash or hives (with or without fever or joint pain); difficulty breathing; swelling of your face, lips, tongue, or throat. Report any new or worsening symptoms to your doctor, such as: mood or behavior changes, anxiety , panic attacks , trouble sleeping, or if you feel impulsive, irritable, agitated, hostile, aggressive, restless, hyperactive (mentally or physically), more depressed, or have thoughts about suicide or hurting yourself. Call your doctor at once if you have: unusual bleeding or bruising; a seizure; vision changes, eye pain , redness, or swelling; low blood sodium - headache , confusion, problems with thinking or memory, weakness, feeling unsteady; or manic episodes - racing thoughts, increased energy, unusual risk-taking behavior, extreme happiness, being irritable or talkative. Seek medical attention right away if you have symptoms of serotonin syndrome, such as: agitation, hallucinations, fever, sweating, shivering, fast heart rate , muscle stiffness, twitching, loss of coordination, nausea , vomiting , or diarrhea . Sertraline can affect growth in children. Your child's height and weight may be checked often. Common sertraline side effects may include: indigestion , nausea, diarrhea, loss of appetite, loose stool; increased sweating; tremors; or sexual problems.","['skin rash', 'hives', 'difficulty breathing', 'swelling of your face', 'lips', 'tongue', 'or throat', 'mood changes', 'anxiety', 'panic attacks', 'trouble sleeping', 'feeling impulsive', 'irritable', 'agitated', 'hostile', 'aggressive', 'restless', 'hyperactive (mentally or physically)', 'feeling depressed', 'thoughts about suicide or hurting yourself', 'unusual bleeding or bruising', 'seizure', 'vision changes', 'eye pain', 'redness', 'swelling', 'low blood sodium', 'headache', 'confusion', 'problems with thinking or memory', 'weakness', 'feeling unsteady', 'manic episodes', 'racing thoughts', 'increased energy', 'unusual risk-taking behavior', 'extreme happiness', 'being talkative', 'symptoms of serotonin syndrome', 'agitation', 'hallucinations', 'fever', 'sweating', 'shivering', 'fast heart rate', 'muscle stiffness', 'twitching', 'loss of coordination', 'nausea', 'vomiting', 'diarrhea', 'effect on growth in children', 'indigestion', 'nausea', 'diarrhea', 'loss of appetite', 'loose stool', 'increased sweating', 'tremors', 'sexual problems']",Bipolar Disorder
vortioxetine,"hives ; difficult breathing; swelling of your face, lips, tongue, or throat. Report any new or worsening symptoms to your doctor, such as: mood or behavior changes, anxiety , panic attacks , trouble sleeping, or if you feel impulsive, irritable, agitated, hostile, aggressive, restless, hyperactive (mentally or physically), more depressed, or have thoughts about suicide or hurting yourself. Vortioxetine may cause serious side effects. Call your doctor at once if you have: racing thoughts, decreased need for sleep, unusual risk-taking behavior, feelings of extreme happiness or sadness, being more talkative than usual; vision changes, eye pain , eye redness or swelling; easy bruising, unusual bleeding, coughing up blood ; or low sodium level (may be more likely to occur in older adults--confusion, memory problems, hallucinations, slurred speech, severe weakness, feeling unsteady. Seek medical attention right away if you have symptoms of serotonin syndrome, such as: agitation , hallucinations, fever, sweating, shivering, fast heart rate , muscle stiffness, twitching, loss of coordination, nausea , vomiting , or diarrhea . Common side effects of vortioxetine may include: nausea; constipation ; or vomiting.","['hives', 'difficult breathing', 'swelling of your face', 'lips', 'tongue', 'or throat', 'mood changes', 'anxiety', 'panic attacks', 'trouble sleeping', 'feeling impulsive', 'irritable', 'agitated', 'hostile', 'aggressive', 'restless', 'hyperactive (mentally or physically)', 'feeling more depressed', 'thoughts about suicide or hurting yourself', 'racing thoughts', 'decreased need for sleep', 'unusual risk-taking behavior', 'extreme happiness or sadness', 'being more talkative than usual', 'vision changes', 'eye pain', 'eye redness', 'eye swelling', 'easy bruising', 'unusual bleeding', 'coughing up blood', 'low sodium level (may be more likely in older adults)', 'confusion', 'memory problems', 'hallucinations', 'slurred speech', 'severe weakness', 'feeling unsteady', 'symptoms of serotonin syndrome', 'agitation', 'hallucinations', 'fever', 'sweating', 'shivering', 'fast heart rate', 'muscle stiffness', 'twitching', 'loss of coordination', 'nausea', 'vomiting', 'diarrhea', 'common side effects', 'nausea', 'constipation', 'vomiting']",Depression
dulaglutide,"Stop using dulaglutide and get emergency medical help if you have signs of an allergic reaction: hives ; difficult breathing; feeling light-headed; swelling of your face, lips, tongue, or throat. Dulaglutide may cause serious side effects. Call your doctor at once if you have: pancreatitis--severe pain in your upper stomach spreading to your back, nausea and vomiting ; signs of a thyroid tumor--swelling or a lump in your neck, trouble swallowing, a hoarse voice, or if you feel short of breath; low blood sugar-- headache , hunger, weakness, sweating, confusion, irritability, dizziness , fast heart rate , or feeling jittery; or kidney problems--little or no urination, swelling in your feet or ankles, feeling tired or short of breath. Tell your doctor if you are sick with vomiting or diarrhea, or if you are sweating more than usual. You can easily become dehydrated while using dulaglutide. This can lead to kidney failure . Common side effects of dulaglutide may include: nausea , vomiting, stomach pain; diarrhea; or loss of appetite.","['hives', 'difficult breathing', 'feeling light-headed', 'swelling of your face', 'lips', 'tongue', 'throat', 'pancreatitis--severe pain in upper stomach spreading to back', 'nausea', 'vomiting', 'signs of a thyroid tumor--swelling or lump in neck', 'trouble swallowing', 'hoarse voice', 'shortness of breath', 'low blood sugar--headache', 'hunger', 'weakness', 'sweating', 'confusion', 'irritability', 'dizziness', 'fast heart rate', 'feeling jittery', 'kidney problems--little or no urination', 'swelling in feet or ankles', 'feeling tired', 'shortness of breath', 'vomiting', 'diarrhea', 'sweating', 'dehydration', 'kidney failure', 'common side effects', 'nausea', 'vomiting', 'stomach pain', 'diarrhea', 'loss of appetite']",Diabetes (Type 2)
semaglutide,"hives , itching; dizziness , fast heartbeats; difficult breathing; swelling of your face, lips, tongue, or throat. Serious side effects of semaglutide may include: call your doctor at once if you have: vision changes; unusual mood changes, thoughts about hurting yourself; pounding heartbeats or fluttering in your chest; a light-headed feeling, like you might pass out; signs of a thyroid tumor--swelling or a lump in your neck, trouble swallowing, a hoarse voice, feeling short of breath; symptoms of pancreatitis--severe pain in your upper stomach spreading to your back, nausea with or without vomiting, fast heart rate ; gallbladder problems--upper stomach pain, fever, clay-colored stools, jaundice (yellowing of the skin or eyes); low blood sugar-- headache , hunger, weakness, sweating, confusion, irritability, dizziness, fast heart rate, or feeling jittery; kidney problems--swelling, urinating less, feeling tired or short of breath; or stomach flu symptoms--stomach cramps, vomiting, loss of appetite, diarrhea (may be watery or bloody). Common side effects of semaglutide may include: low blood sugar (in people with type 2 diabetes); upset stomach , heartburn , burping , gas, bloating ; nausea, vomiting, stomach pain, loss of appetite; diarrhea, constipation ; stomach flu symptoms; o headache, dizziness, tiredness.","['hives', 'itching', 'dizziness', 'fast heartbeats', 'difficult breathing', 'swelling of face', 'lips', 'tongue', 'throat', 'vision changes', 'unusual mood changes', 'thoughts about hurting yourself', 'pounding heartbeats', 'fluttering in chest', 'light-headed feeling', 'feeling like might pass out', 'signs of thyroid tumor--swelling or lump in neck', 'trouble swallowing', 'hoarse voice', 'shortness of breath', 'symptoms of pancreatitis--severe pain in upper stomach spreading to back', 'nausea with or without vomiting', 'fast heart rate', 'gallbladder problems--upper stomach pain', 'fever', 'clay-colored stools', 'jaundice', 'low blood sugar--headache', 'hunger', 'weakness', 'sweating', 'confusion', 'irritability', 'dizziness', 'fast heart rate', 'feeling jittery', 'kidney problems--swelling', 'urinating less', 'feeling tired', 'shortness of breath', 'stomach flu symptoms--stomach cramps', 'loss of appetite', 'diarrhea', 'watery or bloody', 'common side effects', 'upset stomach', 'heartburn', 'burping', 'gas', 'bloating', 'nausea', 'vomiting', 'stomach pain', 'loss of appetite', 'diarrhea', 'constipation', 'headache', 'tiredness']",Diabetes (Type 2)
liraglutide,"hives ; fast heartbeats; dizziness ; trouble breathing or swallowing; swelling of your face, lips, tongue, or throat. Liraglutide may cause serious side effects. Call your doctor at once if you have: racing or pounding heartbeats; sudden changes in mood or behavior, suicidal thoughts; dehydration symptoms--feeling very thirsty or hot, being unable to urinate, heavy sweating, or hot and dry skin ; low blood sugar-- headache , hunger, sweating, irritability, dizziness, fast heart rate , and feeling anxious or shaky; gallbladder or pancreas problems--sudden and severe pain in your upper stomach that may spread to your back, nausea , vomiting, fever, jaundice (yellowing of your skin or eyes); or signs of a thyroid tumor--swelling or a lump in your neck, trouble swallowing, a hoarse voice, feeling short of breath. Common side effects of liraglutide may include: low blood sugar; nausea, vomiting, stomach discomfort, loss of appetite; diarrhea, constipation ; rash; headache, dizziness; or feeling tired.","['hives', 'fast heartbeats', 'dizziness', 'trouble breathing', 'trouble swallowing', 'swelling of face', 'lips', 'tongue', 'throat', 'sudden changes in mood or behavior', 'suicidal thoughts', 'dehydration symptoms', 'thirstiness', 'inability to urinate', 'heavy sweating', 'hot and dry skin', 'low blood sugar', 'headache', 'hunger', 'sweating', 'irritability', 'fast heart rate', 'feeling anxious or shaky', 'gallbladder or pancreas problems', 'sudden and severe pain in upper stomach', 'nausea', 'vomiting', 'fever', 'jaundice', 'signs of thyroid tumor', 'swelling or lump in neck', 'hoarse voice', 'feeling short of breath', 'common side effects', 'nausea', 'stomach discomfort', 'loss of appetite', 'diarrhea', 'constipation', 'rash', 'headache', 'feeling tired']",Diabetes (Type 2)
lisinopril,"hives; severe stomach pain, difficult breathing; swelling of your face, lips, tongue, or throat. You may be more likely to have an allergic reaction if you are African-American. Lisinopril may cause serious side effects. Call your doctor at once if you have: a light-headed feeling, like you might pass out; fever, sore throat; high potassium - nausea, weakness, tingly feeling, chest pain, irregular heartbeats, loss of movement; kidney problems - little or no urination, swelling in your feet or ankles, feeling tired or short of breath; or >liver problems - nausea, upper stomach pain, itching, tired feeling, loss of appetite, dark urine, clay-colored stools, jaundice (yellowing of the skin or eyes). Common side effects of lisinopril may include: headache; dizziness; cough; or chest pain.","['hives', 'severe stomach pain', 'difficult breathing', 'swelling of face', 'lips', 'tongue', 'throat', 'light-headed feeling', 'fainting', 'fever', 'sore throat', 'high potassium', 'nausea', 'weakness', 'tingling sensation', 'chest pain', 'irregular heartbeats', 'loss of movement', 'kidney problems', 'little or no urination', 'swelling in feet or ankles', 'feeling tired', 'liver problems', 'upper stomach pain', 'itching', 'tired feeling', 'loss of appetite', 'dark urine', 'clay-colored stools', 'jaundice', 'common side effects', 'headache', 'dizziness', 'cough', 'chest pain']",Hypertension
losartan,"hives; difficult breathing; swelling of your face, lips, tongue, or throat. In extremely rare cases, losartan can cause a condition that results in the breakdown of skeletal muscle tissue, leading to potential kidney failure. Call your doctor right away if you have unexplained muscle pain, tenderness, or weakness especially if you also have fever, unusual tiredness, and dark colored urine. Call your doctor at once if you have: a feeling that you might pass out; pain or burning when you urinate; pale skin, feeling light-headed or short of breath, rapid heart rate, trouble concentrating; wheezing, chest pain; drowsiness, confusion, mood changes, increased thirst, loss of appetite, nausea and vomiting; swelling, weight gain, feeling short of breath, urinating less than usual or not at all; or high potassium (slow heart rate, weak pulse, muscle weakness, tingly feeling). Common losartan side effects may include: cold or flu symptoms such as stuffy nose, sneezing, sore throat, fever; dry cough; muscle cramps; pain in your legs or back; stomach pain, diarrhea; headache, dizziness; tired feeling; or sleep problems (insomnia).","['hives', 'difficult breathing', 'swelling of face', 'lips', 'tongue', 'throat', 'unexplained muscle pain', 'tenderness', 'weakness', 'fever', 'unusual tiredness', 'dark colored urine', 'feeling faint', 'pain or burning during urination', 'pale skin', 'light-headedness', 'rapid heart rate', 'trouble concentrating', 'wheezing', 'chest pain', 'drowsiness', 'confusion', 'mood changes', 'increased thirst', 'loss of appetite', 'nausea', 'vomiting', 'swelling', 'weight gain', 'decreased urination', 'high potassium', 'cold symptoms', 'stuffy nose', 'sneezing', 'sore throat', 'fever', 'dry cough', 'muscle cramps', 'leg or back pain', 'stomach pain', 'diarrhea', 'headache', 'dizziness', 'tiredness', 'insomnia']",Hypertension
nebivolol,"hives ; difficult breathing; swelling of your face, lips, tongue, or throat. Nebivolol may cause serious side effects. Call your doctor at once if you have: a light-headed feeling, like you might pass out; rapid weight gain; shortness of breath; slow or uneven heartbeats; or numbness or cold feeling in your hands and feet. Common side effects of nebivolol may include: dizziness; swelling in your legs; slow heartbeats; tiredness; or headache .","['hives', 'difficult breathing', 'swelling of face', 'lips', 'tongue', 'throat', 'light-headedness', 'fainting sensation', 'rapid weight gain', 'shortness of breath', 'slow or uneven heartbeats', 'numbness or cold feeling in hands and feet', 'dizziness', 'leg swelling', 'tiredness', 'headache']",Hypertension
zolpidem,"Zolpidem may cause a severe allergic reaction. Stop taking this medicine and get emergency medical help if you have signs of an allergic reaction to zolpidem: hives; difficulty breathing; swelling of your face, lips, tongue, or throat. Report any new or worsening symptoms to your doctor, such as: depression, anxiety , aggression, agitation , confusion, unusual thoughts, hallucinations, memory problems, changes in personality, risk-taking behavior, decreased inhibitions, no fear of danger, or thoughts of suicide or hurting yourself. Stop using this medicine and call your doctor at once if you have: chest pain, fast or irregular heartbeat , feeling short of breath; trouble breathing or swallowing; or feeling like you might pass out. The sedative effect of zolpidem may be stronger in older adults. Dizziness or severe drowsiness can cause falls, accidents, or severe injuries. Common zolpidem side effects may include: daytime drowsiness, dizziness, weakness, feeling ""drugged"" or light-headed; tired feeling, loss of coordination; stuffy nose, dry mouth, nose or throat irritation; nausea , constipation , diarrhea , upset stomach ; or headache , muscle pain.","['hives', 'difficulty breathing', 'swelling of face', 'lips', 'tongue', 'throat', 'depression', 'anxiety', 'aggression', 'agitation', 'confusion', 'unusual thoughts', 'hallucinations', 'memory problems', 'changes in personality', 'risk-taking behavior', 'decreased inhibitions', 'thoughts of suicide or self-harm', 'chest pain', 'fast or irregular heartbeat', 'shortness of breath', 'trouble breathing or swallowing', 'feeling faint', 'daytime drowsiness', 'dizziness', 'weakness', 'feeling ""drugged"" or light-headed', 'tiredness', 'loss of coordination', 'stuffy nose', 'dry mouth', 'nose or throat irritation', 'nausea', 'constipation', 'diarrhea', 'upset stomach', 'headache', 'muscle pain']",Insomnia
suvorexant,"hives ; difficult breathing; swelling of your face, lips, tongue, or throat. Some people using suvorexant have engaged in activity while not fully awake and later had no memory of it. This may include walking, driving, eating, having sex, or making phone calls. If this happens to you, call your doctor right away. Suvorexant may cause serious side effects. Call your doctor at once if you have: trouble moving or talking when you first wake up; a weak feeling in your legs; unusual thoughts or behavior; anxiety , agitation , depression; memory problems; confusion, hallucinations; or thoughts about hurting yourself. You may be more likely to have side effects if you are overweight . Common side effects of suvorexant may include: strange dreams; or drowsiness during the day after taking suvorexant.","['hives', 'difficult breathing', 'swelling of face', 'lips', 'tongue', 'throat', 'trouble moving or talking upon waking', 'weak feeling in legs', 'unusual thoughts or behavior', 'anxiety', 'agitation', 'depression', 'memory problems', 'confusion', 'hallucinations', 'thoughts of self-harm', 'overweight', 'strange dreams', 'drowsiness during the day']",Insomnia
oxycodone,"hives ; difficult breathing; swelling of your face, lips, tongue, or throat. Opioid medicine, including oxycodone, can slow or stop your breathing, and death may occur. A person caring for you should give naloxone and/or seek emergency medical attention if you have slow breathing with long pauses, blue colored lips, or if you are hard to wake up. Call your doctor at once if you have: noisy breathing, sighing, shallow breathing, breathing that stops during sleep; a slow heart rate or weak pulse; cold, clammy skin; a light-headed feeling, like you might pass out; confusion, unusual thoughts or behavior; seizure (convulsions); low cortisol levels - nausea, vomiting, loss of appetite, dizziness, worsening tiredness or weakness; or high levels of serotonin in the body - agitation, hallucinations, fever, sweating, shivering, fast heart rate, muscle stiffness, twitching, loss of coordination, nausea, vomiting, diarrhea. Serious breathing problems may be more likely in older adults and in those who are debilitated or have wasting syndrome or chronic breathing disorders. Long-term use of opioid medication, such as oxycodone, may affect fertility (ability to have children) in men or women. It is not known whether opioid effects on fertility are permanent. Common oxycodone side effects may include: drowsiness, dizziness, tiredness; headache ; constipation , stomach pain, nausea, vomiting; or itching, red eyes, or flushing.","['hives', 'difficult breathing', 'swelling of face', 'lips', 'tongue', 'throat', 'noisy breathing', 'sighing', 'shallow breathing', 'breathing cessation during sleep', 'slow heart rate', 'weak pulse', 'cold clammy skin', 'light-headedness', 'confusion', 'unusual thoughts or behavior', 'seizure', 'low cortisol levels', 'high serotonin levels', 'agitation', 'fever', 'sweating', 'shivering', 'fast heart rate', 'muscle stiffness', 'twitching', 'loss of coordination', 'nausea', 'vomiting', 'diarrhea', 'fertility issues', 'drowsiness', 'dizziness', 'tiredness', 'headache', 'constipation', 'stomach pain', 'nausea', 'vomiting', 'itching', 'red eyes', 'flushing']",Pain
acetaminophen / hydrocodone,"hives ; difficulty breathing; swelling of your face, lips, tongue, or throat. Opioid medicine can slow or stop your breathing, and death may occur. A person caring for you should seek emergency medical attention if you have slow breathing with long pauses, blue colored lips, or if you are hard to wake up. In rare cases, acetaminophen may cause a severe skin reaction that can be fatal. This could occur even if you have taken acetaminophen in the past and had no reaction. Stop taking this medicine and call your doctor right away if you have skin redness or a rash that spreads and causes blistering and peeling. Call your doctor at once if you have: noisy breathing, sighing, shallow breathing, breathing that stops during sleep; a light-headed feeling, like you might pass out; liver problems - nausea, upper stomach pain, tiredness, loss of appetite, dark urine, clay-colored stools, jaundice (yellowing of the skin or eyes); low cortisol levels - nausea, vomiting, loss of appetite, dizziness, worsening tiredness or weakness; or high levels of serotonin in the body - agitation, hallucinations, fever, sweating, shivering, fast heart rate, muscle stiffness, twitching, loss of coordination, nausea, vomiting, diarrhea. Serious breathing problems may be more likely in older adults and in those who are debilitated or have wasting syndrome or chronic breathing disorders. Long-term use of opioid medication may affect fertility (ability to have children) in men or women. It is not known whether opioid effects on fertility are permanent. Common acetaminophen or hydrocodone side effects include: dizziness, drowsiness, feeling tired; nausea, vomiting, stomach pain; constipation ; or headache .","['hives', 'difficulty breathing', 'swelling of face', 'lips', 'tongue', 'throat', 'noisy breathing', 'sighing', 'shallow breathing', 'breathing cessation during sleep', 'light-headedness', 'liver problems', 'low cortisol levels', 'high serotonin levels', 'agitation', 'hallucinations', 'fever', 'sweating', 'shivering', 'fast heart rate', 'muscle stiffness', 'twitching', 'loss of coordination', 'nausea', 'vomiting', 'diarrhea', 'fertility issues', 'dizziness', 'drowsiness', 'tiredness', 'nausea', 'vomiting', 'stomach pain', 'constipation', 'headache']",Pain
acetaminophen / oxycodone,"hives ; difficulty breathing; swelling of your face, lips, tongue, or throat. Opioid medicine can slow or stop your breathing, and death may occur. A person caring for you should seek emergency medical attention if you have slow breathing with long pauses, blue colored lips, or if you are hard to wake up. In rare cases, acetaminophen may cause a severe skin reaction that can be fatal. This could occur even if you have taken acetaminophen in the past and had no reaction. Stop taking this medicine and call your doctor right away if you have skin redness or a rash that spreads and causes blistering and peeling. Call your doctor at once if you have: noisy breathing, sighing, shallow breathing; a light-headed feeling, like you might pass out; weakness, tiredness, fever, unusual bruising or bleeding; confusion, unusual thoughts or behavior; problems with urination; liver problems - nausea, upper stomach pain, tiredness, loss of appetite, dark urine, clay-colored stools, jaundice (yellowing of the skin or eyes); or low cortisol levels - nausea, vomiting, loss of appetite, dizziness, worsening tiredness or weakness. Seek medical attention right away if you have symptoms of serotonin syndrome, such as: agitation , hallucinations, fever, sweating, shivering, fast heart rate , muscle stiffness, twitching, loss of coordination, nausea, vomiting, or diarrhea . Serious side effects may be more likely in older adults and those who are overweight , malnourished, or debilitated. Long-term use of opioid medication may affect fertility (ability to have children) in men or women. It is not known whether opioid effects on fertility are permanent. Common acetaminophen and oxycodone side effects include: dizziness, drowsiness, feeling tired; feelings of extreme happiness or sadness; nausea, vomiting, stomach pain; constipation ; or headache .","['hives', 'difficulty breathing', 'swelling of face', 'lips', 'tongue', 'throat', 'noisy breathing', 'sighing', 'shallow breathing', 'light-headedness', 'weakness', 'tiredness', 'fever', 'unusual bruising or bleeding', 'confusion', 'unusual thoughts or behavior', 'problems with urination', 'liver problems', 'low cortisol levels', 'symptoms of serotonin syndrome', 'agitation', 'hallucinations', 'fever', 'sweating', 'shivering', 'fast heart rate', 'muscle stiffness', 'twitching', 'loss of coordination', 'nausea', 'vomiting', 'diarrhea', 'fertility issues', 'dizziness', 'drowsiness', 'feelings of extreme happiness or sadness', 'constipation', 'headache']",Pain
tapentadol,"hives ; chest pain, fast heartbeats, difficult breathing; swelling of your face, lips, tongue, or throat. Opioid medicine can slow or stop your breathing, and death may occur. A person caring for you should give naloxone and/or seek emergency medical attention if you have slow breathing with long pauses, blue colored lips, or if you are hard to wake up. Call your doctor at once if you have: noisy breathing, sighing, shallow breathing, breathing that stops; a light-headed feeling, like you might pass out; agitation , feeling hot; severe drowsiness or dizziness, confusion, problems with speech or balance; a seizure; serotonin syndrome - agitation, hallucinations, fever, fast heart rate , muscle stiffness, twitching, loss of coordination, nausea , diarrhea ; or low cortisol levels - nausea, vomiting , loss of appetite, dizziness, worsening tiredness or weakness. Serious breathing problems may be more likely in older adults and in those who are debilitated or have wasting syndrome or chronic breathing disorders. Common tapentadol side effects may include: constipation, nausea, vomiting, stomach pain; headache , feeling tired; or drowsiness, dizziness.","['hives', 'chest pain', 'fast heartbeats', 'difficult breathing', 'swelling of face', 'lips', 'tongue', 'throat', 'noisy breathing', 'sighing', 'shallow breathing', 'light-headedness', 'agitation', 'feeling hot', 'severe drowsiness', 'dizziness', 'confusion', 'problems with speech or balance', 'seizure', 'symptoms of serotonin syndrome', 'muscle stiffness', 'twitching', 'loss of coordination', 'diarrhea', 'low cortisol levels', 'nausea', 'vomiting', 'loss of appetite', 'worsening tiredness or weakness', 'constipation', 'headache', 'feeling tired']",Pain
phentermine,"hives ; difficult breathing; swelling of your face, lips, tongue, or throat. Phentermine may cause serious side effects. Call your doctor at once if you have: feeling short of breath, even with mild exertion; chest pain, feeling like you might pass out; swelling in your ankles or feet; pounding heartbeats or fluttering in your chest; tremors, feeling restless, trouble sleeping; unusual changes in mood or behavior; or increased blood pressure - severe headache , blurred vision, pounding in your neck or ears, anxiety , nosebleed. Common side effects of phentermine may include: itching; dizziness headache; dry mouth; unpleasant taste; diarrhea; constipation ; stomach pain; or increased or decreased interest in sex.","['hives', 'difficult breathing', 'swelling of face', 'lips', 'tongue', 'throat', 'feeling short of breath', 'chest pain', 'feeling like you might pass out', 'swelling in ankles or feet', 'pounding heartbeats', 'fluttering in chest', 'tremors', 'feeling restless', 'trouble sleeping', 'unusual changes in mood or behavior', 'increased blood pressure', 'severe headache', 'blurred vision', 'pounding in neck or ears', 'anxiety', 'nosebleed', 'itching', 'dizziness', 'dry mouth', 'unpleasant taste', 'diarrhea', 'constipation', 'stomach pain', 'increased or decreased interest in sex']",Weight Loss
bupropion / naltrexone,"fever, swollen glands, mouth sores, muscle or joint pain; hives , rash or itching; chest pain, difficult breathing; swelling of your face, lips, tongue, or throat. A person caring for you should seek emergency medical attention if you have slow breathing with long pauses, severe drowsiness, or if you are hard to wake up. Stop taking bupropion and naltrexone and call your doctor right away if you have: severe headache , blurred vision, pounding in your neck or ears, fast heartbeats; a seizure (convulsions); blurred vision, tunnel vision, eye pain or swelling, or seeing halos around lights; changes in mood or behavior-- anxiety , depression, panic attacks , trouble sleeping, agitation , thoughts about suicide or hurting yourself; a manic episode--racing thoughts, increased energy, unusual risk-taking behavior, extreme happiness, being irritable or talkative; liver problems--upper stomach pain, tiredness, dark urine, jaundice (yellowing of the skin or eyes); or severe skin reaction--fever, sore throat , burning eyes, skin pain, red or purple skin rash with blistering and peeling. Older adults may be more likely to have certain side effects. Common side effects of bupropion and naltrexone may include: nausea , vomiting , diarrhea , constipation ; headache, dizziness ; dry mouth; or sleep problems ( insomnia ).","['fever', 'swollen glands', 'mouth sores', 'muscle or joint pain', 'hives', 'rash or itching', 'chest pain', 'difficult breathing', 'swelling of face', 'lips', 'tongue', 'or throat', 'slow breathing with long pauses', 'severe drowsiness', 'hard to wake up', 'severe headache', 'blurred vision', 'pounding in neck or ears', 'fast heartbeats', 'seizure (convulsions)', 'blurred vision', 'tunnel vision', 'eye pain or swelling', 'seeing halos around lights', 'changes in mood or behavior--anxiety', 'depression', 'panic attacks', 'trouble sleeping', 'agitation', 'thoughts about suicide or hurting yourself', 'manic episode--racing thoughts', 'increased energy', 'unusual risk-taking behavior', 'extreme happiness', 'being irritable or talkative', 'liver problems--upper stomach pain', 'tiredness', 'dark urine', 'jaundice (yellowing of skin or eyes)', 'severe skin reaction--fever', 'sore throat', 'burning eyes', 'skin pain', 'red or purple skin rash with blistering and peeling', 'nausea', 'vomiting', 'diarrhea', 'constipation', 'headache', 'dizziness', 'dry mouth', 'sleep problems (insomnia)']",Weight Loss
